Using pre-set license
Built from '2021.3/staging' branch; Version is '2021.3.18f1 (3129e69bc0c7) revision 3221990'; Using compiler version '192829333'; Build Type 'Release'
OS: 'Windows 10  (10.0.19045) 64bit Professional' Language: 'en' Physical Memory: 32590 MB
BatchMode: 1, IsHumanControllingUs: 0, StartBugReporterOnCrash: 0, Is64bit: 1, IsPro: 1

COMMAND LINE ARGUMENTS:
F:\Unity\2021.3.18f1\Editor\Unity.exe
-adb2
-batchMode
-noUpm
-name
AssetImportWorker0
-projectPath
F:/HololensToolTracking/SceneGraphHOLO
-logFile
Logs/AssetImportWorker0.log
-srvPort
63489
Successfully changed project path to: F:/HololensToolTracking/SceneGraphHOLO
F:/HololensToolTracking/SceneGraphHOLO
[UnityMemory] Configuration Parameters - Can be set up in boot.config
    "memorysetup-bucket-allocator-granularity=16"
    "memorysetup-bucket-allocator-bucket-count=8"
    "memorysetup-bucket-allocator-block-size=33554432"
    "memorysetup-bucket-allocator-block-count=8"
    "memorysetup-main-allocator-block-size=16777216"
    "memorysetup-thread-allocator-block-size=16777216"
    "memorysetup-gfx-main-allocator-block-size=16777216"
    "memorysetup-gfx-thread-allocator-block-size=16777216"
    "memorysetup-cache-allocator-block-size=4194304"
    "memorysetup-typetree-allocator-block-size=2097152"
    "memorysetup-profiler-bucket-allocator-granularity=16"
    "memorysetup-profiler-bucket-allocator-bucket-count=8"
    "memorysetup-profiler-bucket-allocator-block-size=33554432"
    "memorysetup-profiler-bucket-allocator-block-count=8"
    "memorysetup-profiler-allocator-block-size=16777216"
    "memorysetup-profiler-editor-allocator-block-size=1048576"
    "memorysetup-temp-allocator-size-main=16777216"
    "memorysetup-job-temp-allocator-block-size=2097152"
    "memorysetup-job-temp-allocator-block-size-background=1048576"
    "memorysetup-job-temp-allocator-reduction-small-platforms=262144"
    "memorysetup-temp-allocator-size-background-worker=32768"
    "memorysetup-temp-allocator-size-job-worker=262144"
    "memorysetup-temp-allocator-size-preload-manager=33554432"
    "memorysetup-temp-allocator-size-nav-mesh-worker=65536"
    "memorysetup-temp-allocator-size-audio-worker=65536"
    "memorysetup-temp-allocator-size-cloud-worker=32768"
    "memorysetup-temp-allocator-size-gi-baking-worker=262144"
    "memorysetup-temp-allocator-size-gfx=262144"
Player connection [33796] Host "[IP] 10.176.186.164 [Port] 0 [Flags] 2 [Guid] 2880085768 [EditorId] 2880085768 [Version] 1048832 [Id] WindowsEditor(7,DESKTOP-SJJPEH9) [Debug] 1 [PackageName] WindowsEditor [ProjectName] Editor" joined multi-casting on [225.0.0.222:54997]...

Player connection [33796] Host "[IP] 10.176.186.164 [Port] 0 [Flags] 2 [Guid] 2880085768 [EditorId] 2880085768 [Version] 1048832 [Id] WindowsEditor(7,DESKTOP-SJJPEH9) [Debug] 1 [PackageName] WindowsEditor [ProjectName] Editor" joined alternative multi-casting on [225.0.0.222:34997]...

Refreshing native plugins compatible for Editor in 142.31 ms, found 19 plugins.
Preloading 0 native plugins for Editor in 0.00 ms.
Initialize engine version: 2021.3.18f1 (3129e69bc0c7)
[Subsystems] Discovering subsystems at path F:/Unity/2021.3.18f1/Editor/Data/Resources/UnitySubsystems
[Subsystems] Discovering subsystems at path F:/HololensToolTracking/SceneGraphHOLO/Assets
GfxDevice: creating device client; threaded=0; jobified=0
Direct3D:
    Version:  Direct3D 11.0 [level 11.1]
    Renderer: NVIDIA GeForce RTX 2080 (ID=0x1e87)
    Vendor:   NVIDIA
    VRAM:     8002 MB
    Driver:   31.0.15.3114
Initialize mono
Mono path[0] = 'F:/Unity/2021.3.18f1/Editor/Data/Managed'
Mono path[1] = 'F:/Unity/2021.3.18f1/Editor/Data/MonoBleedingEdge/lib/mono/unityjit-win32'
Mono config path = 'F:/Unity/2021.3.18f1/Editor/Data/MonoBleedingEdge/etc'
Using monoOptions --debugger-agent=transport=dt_socket,embedding=1,server=y,suspend=n,address=127.0.0.1:56036
Begin MonoManager ReloadAssembly
Registering precompiled unity dll's ...
Register platform support module: F:/Unity/2021.3.18f1/Editor/Data/PlaybackEngines/WindowsStandaloneSupport/UnityEditor.WindowsStandalone.Extensions.dll
Register platform support module: F:/Unity/2021.3.18f1/Editor/Data/PlaybackEngines/MetroSupport/UnityEditor.UWP.Extensions.dll
Registered in 0.002564 seconds.
Native extension for UWP target not found
Native extension for WindowsStandalone target not found
Refreshing native plugins compatible for Editor in 60.72 ms, found 19 plugins.
Preloading 0 native plugins for Editor in 0.00 ms.
Mono: successfully reloaded assembly
- Completed reload, in  0.545 seconds
Domain Reload Profiling:
	ReloadAssembly (546ms)
		BeginReloadAssembly (66ms)
			ExecutionOrderSort (0ms)
			DisableScriptedObjects (0ms)
			BackupInstance (0ms)
			ReleaseScriptingObjects (0ms)
			CreateAndSetChildDomain (1ms)
		EndReloadAssembly (384ms)
			LoadAssemblies (66ms)
			RebuildTransferFunctionScriptingTraits (0ms)
			SetupTypeCache (94ms)
			ReleaseScriptCaches (0ms)
			RebuildScriptCaches (23ms)
			SetupLoadedEditorAssemblies (225ms)
				LogAssemblyErrors (0ms)
				InitializePlatformSupportModulesInManaged (6ms)
				SetLoadedEditorAssemblies (0ms)
				RefreshPlugins (61ms)
				BeforeProcessingInitializeOnLoad (1ms)
				ProcessInitializeOnLoadAttributes (119ms)
				ProcessInitializeOnLoadMethodAttributes (38ms)
				AfterProcessingInitializeOnLoad (0ms)
				EditorAssembliesLoaded (0ms)
			ExecutionOrderSort2 (0ms)
			AwakeInstancesAfterBackupRestoration (0ms)
Platform modules already initialized, skipping
Registering precompiled user dll's ...
Registered in 0.009531 seconds.
Begin MonoManager ReloadAssembly
Native extension for UWP target not found
Native extension for WindowsStandalone target not found
Refreshing native plugins compatible for Editor in 58.69 ms, found 19 plugins.
Preloading 0 native plugins for Editor in 0.00 ms.
Added DLL directory F:\HololensToolTracking\SceneGraphHOLO\Library\PackageCache\com.microsoft.windows.mixedreality.dotnetwinrt@c4cffcb2b703\Plugins\x64 to the user search path.
UnityEngine.StackTraceUtility:ExtractStackTrace ()
UnityEngine.DebugLogHandler:LogFormat (UnityEngine.LogType,UnityEngine.Object,string,object[])
UnityEngine.Logger:Log (UnityEngine.LogType,object)
UnityEngine.Debug:Log (object)
Microsoft.Windows.MixedReality.DotNetWinRT.Init:.cctor () (at Library/PackageCache/com.microsoft.windows.mixedreality.dotnetwinrt@c4cffcb2b703/Editor/Microsoft.Windows.MixedReality.DotNetWinRT.Init.cs:46)
System.Runtime.CompilerServices.RuntimeHelpers:RunClassConstructor (System.RuntimeTypeHandle)
UnityEditor.EditorAssemblies:ProcessInitializeOnLoadAttributes (System.Type[])

(Filename: Library/PackageCache/com.microsoft.windows.mixedreality.dotnetwinrt@c4cffcb2b703/Editor/Microsoft.Windows.MixedReality.DotNetWinRT.Init.cs Line: 46)

[XR] [MROpenXR][Info   ][17:31:38.343740][tid:8404] MeshProvider_RegisterLifecycleProvider
[XR] [MROpenXR][Info   ][17:31:38.343840][tid:8404] InputProvider_RegisterLifecycleProvider
[XR] Error loading subsystem: Display (1) (header mismatch?)
[XR] [MROpenXR][Info   ][17:31:38.345013][tid:8404] OnPluginStarted UnityVersion=2021.3.18f1 OpenXRPluginVersion=1.6.0 MROpenXRPluginVersion=1.5.1.0 PartA_PrivTags=33554432
Mono: successfully reloaded assembly
Package Manager log level set to [2]
- Completed reload, in  1.150 seconds
Domain Reload Profiling:
	ReloadAssembly (1151ms)
		BeginReloadAssembly (88ms)
			ExecutionOrderSort (0ms)
			DisableScriptedObjects (5ms)
			BackupInstance (0ms)
			ReleaseScriptingObjects (0ms)
			CreateAndSetChildDomain (18ms)
		EndReloadAssembly (987ms)
			LoadAssemblies (72ms)
			RebuildTransferFunctionScriptingTraits (0ms)
			SetupTypeCache (214ms)
			ReleaseScriptCaches (1ms)
			RebuildScriptCaches (68ms)
			SetupLoadedEditorAssemblies (581ms)
				LogAssemblyErrors (0ms)
				InitializePlatformSupportModulesInManaged (9ms)
				SetLoadedEditorAssemblies (0ms)
				RefreshPlugins (59ms)
				BeforeProcessingInitializeOnLoad (89ms)
				ProcessInitializeOnLoadAttributes (364ms)
				ProcessInitializeOnLoadMethodAttributes (57ms)
				AfterProcessingInitializeOnLoad (2ms)
				EditorAssembliesLoaded (0ms)
			ExecutionOrderSort2 (0ms)
			AwakeInstancesAfterBackupRestoration (8ms)
Platform modules already initialized, skipping
========================================================================
Worker process is ready to serve import requests
Launched and connected shader compiler UnityShaderCompiler.exe after 0.04 seconds
Refreshing native plugins compatible for Editor in 1.05 ms, found 19 plugins.
Preloading 0 native plugins for Editor in 0.00 ms.
Unloading 4359 Unused Serialized files (Serialized files now loaded: 0)
Unloading 105 unused Assets / (2.4 MB). Loaded Objects now: 4782.
Memory consumption went from 178.9 MB to 176.5 MB.
Total: 4.186200 ms (FindLiveObjects: 0.298700 ms CreateObjectMapping: 0.167000 ms MarkObjects: 3.079900 ms  DeleteObjects: 0.639900 ms)

AssetImportParameters requested are different than current active one (requested -> active):
  custom:video-decoder-ogg-theora: a1e56fd34408186e4bbccfd4996cb3dc -> 
  custom:container-muxer-webm: aa71ff27fc2769a1b78a27578f13a17b -> 
  custom:container-demuxer-webm: 4f35f7cbe854078d1ac9338744f61a02 -> 
  custom:video-encoder-webm-vp8: eb34c28f22e8b96e1ab97ce403110664 -> 
  custom:audio-encoder-webm-vorbis: bf7c407c2cedff20999df2af8eb42d56 -> 
  custom:framework-win-MediaFoundation: 216162199b28c13a410421893ffa2e32 -> 
  custom:container-demuxer-ogg: 62fdf1f143b41e24485cea50d1cbac27 -> 
  custom:video-decoder-webm-vp8: 9c59270c3fd7afecdb556c50c9e8de78 -> 
  custom:audio-decoder-ogg-vorbis: bf7c407c2cedff20999df2af8eb42d56 -> 
========================================================================
Received Import Request.
  Time since last request: 79386.508382 seconds.
  path: Assets/Scripts/SampleProcess.cs
  artifactKey: Guid(27b9429444bb81c4d869c33e6db59c13) Importer(815301076,1909f56bfc062723c751e8b465ee728b)
Start importing Assets/Scripts/SampleProcess.cs using Guid(27b9429444bb81c4d869c33e6db59c13) Importer(815301076,1909f56bfc062723c751e8b465ee728b)  -> (artifact id: 'ff8f6ca670e43513bb9682fe539d0640') in 0.041289 seconds 
========================================================================
Received Prepare
Registering precompiled user dll's ...
Registered in 0.008863 seconds.
Begin MonoManager ReloadAssembly
Native extension for UWP target not found
Native extension for WindowsStandalone target not found
Refreshing native plugins compatible for Editor in 1.14 ms, found 19 plugins.
Preloading 0 native plugins for Editor in 0.00 ms.
Mono: successfully reloaded assembly
- Completed reload, in  1.019 seconds
Domain Reload Profiling:
	ReloadAssembly (1019ms)
		BeginReloadAssembly (110ms)
			ExecutionOrderSort (0ms)
			DisableScriptedObjects (4ms)
			BackupInstance (0ms)
			ReleaseScriptingObjects (0ms)
			CreateAndSetChildDomain (35ms)
		EndReloadAssembly (828ms)
			LoadAssemblies (75ms)
			RebuildTransferFunctionScriptingTraits (0ms)
			SetupTypeCache (223ms)
			ReleaseScriptCaches (1ms)
			RebuildScriptCaches (40ms)
			SetupLoadedEditorAssemblies (415ms)
				LogAssemblyErrors (0ms)
				InitializePlatformSupportModulesInManaged (10ms)
				SetLoadedEditorAssemblies (0ms)
				RefreshPlugins (1ms)
				BeforeProcessingInitializeOnLoad (62ms)
				ProcessInitializeOnLoadAttributes (291ms)
				ProcessInitializeOnLoadMethodAttributes (48ms)
				AfterProcessingInitializeOnLoad (2ms)
				EditorAssembliesLoaded (0ms)
			ExecutionOrderSort2 (0ms)
			AwakeInstancesAfterBackupRestoration (12ms)
Platform modules already initialized, skipping
Refreshing native plugins compatible for Editor in 7.96 ms, found 19 plugins.
Preloading 0 native plugins for Editor in 0.00 ms.
Unloading 4273 Unused Serialized files (Serialized files now loaded: 0)
Unloading 95 unused Assets / (2.3 MB). Loaded Objects now: 4786.
Memory consumption went from 171.7 MB to 169.4 MB.
Total: 4.224000 ms (FindLiveObjects: 0.318700 ms CreateObjectMapping: 0.240900 ms MarkObjects: 3.009900 ms  DeleteObjects: 0.653600 ms)

AssetImportParameters requested are different than current active one (requested -> active):
  custom:video-decoder-ogg-theora: a1e56fd34408186e4bbccfd4996cb3dc -> 
  custom:container-muxer-webm: aa71ff27fc2769a1b78a27578f13a17b -> 
  custom:container-demuxer-webm: 4f35f7cbe854078d1ac9338744f61a02 -> 
  custom:video-encoder-webm-vp8: eb34c28f22e8b96e1ab97ce403110664 -> 
  custom:audio-encoder-webm-vorbis: bf7c407c2cedff20999df2af8eb42d56 -> 
  custom:framework-win-MediaFoundation: 216162199b28c13a410421893ffa2e32 -> 
  custom:container-demuxer-ogg: 62fdf1f143b41e24485cea50d1cbac27 -> 
  custom:video-decoder-webm-vp8: 9c59270c3fd7afecdb556c50c9e8de78 -> 
  custom:audio-decoder-ogg-vorbis: bf7c407c2cedff20999df2af8eb42d56 -> 
========================================================================
Received Import Request.
  Time since last request: 387.873140 seconds.
  path: Assets/Scripts/ZMQ/AsycNetMQ.cs
  artifactKey: Guid(3796ea7bc59fe0c44a28fd3780975ee0) Importer(815301076,1909f56bfc062723c751e8b465ee728b)
Start importing Assets/Scripts/ZMQ/AsycNetMQ.cs using Guid(3796ea7bc59fe0c44a28fd3780975ee0) Importer(815301076,1909f56bfc062723c751e8b465ee728b)  -> (artifact id: '55e35a04bb8585e8148249635d074607') in 0.015950 seconds 
========================================================================
Received Prepare
Registering precompiled user dll's ...
Registered in 0.008888 seconds.
Begin MonoManager ReloadAssembly
Native extension for UWP target not found
Native extension for WindowsStandalone target not found
Refreshing native plugins compatible for Editor in 1.13 ms, found 19 plugins.
Preloading 0 native plugins for Editor in 0.00 ms.
Mono: successfully reloaded assembly
- Completed reload, in  1.019 seconds
Domain Reload Profiling:
	ReloadAssembly (1019ms)
		BeginReloadAssembly (115ms)
			ExecutionOrderSort (0ms)
			DisableScriptedObjects (4ms)
			BackupInstance (0ms)
			ReleaseScriptingObjects (0ms)
			CreateAndSetChildDomain (37ms)
		EndReloadAssembly (825ms)
			LoadAssemblies (78ms)
			RebuildTransferFunctionScriptingTraits (0ms)
			SetupTypeCache (224ms)
			ReleaseScriptCaches (1ms)
			RebuildScriptCaches (38ms)
			SetupLoadedEditorAssemblies (406ms)
				LogAssemblyErrors (0ms)
				InitializePlatformSupportModulesInManaged (10ms)
				SetLoadedEditorAssemblies (0ms)
				RefreshPlugins (1ms)
				BeforeProcessingInitializeOnLoad (67ms)
				ProcessInitializeOnLoadAttributes (271ms)
				ProcessInitializeOnLoadMethodAttributes (53ms)
				AfterProcessingInitializeOnLoad (3ms)
				EditorAssembliesLoaded (0ms)
			ExecutionOrderSort2 (0ms)
			AwakeInstancesAfterBackupRestoration (13ms)
Platform modules already initialized, skipping
Refreshing native plugins compatible for Editor in 7.08 ms, found 19 plugins.
Preloading 0 native plugins for Editor in 0.00 ms.
Unloading 4273 Unused Serialized files (Serialized files now loaded: 0)
Unloading 95 unused Assets / (2.3 MB). Loaded Objects now: 4790.
Memory consumption went from 171.7 MB to 169.4 MB.
Total: 4.136300 ms (FindLiveObjects: 0.290400 ms CreateObjectMapping: 0.191700 ms MarkObjects: 2.985300 ms  DeleteObjects: 0.668200 ms)

AssetImportParameters requested are different than current active one (requested -> active):
  custom:video-decoder-ogg-theora: a1e56fd34408186e4bbccfd4996cb3dc -> 
  custom:container-muxer-webm: aa71ff27fc2769a1b78a27578f13a17b -> 
  custom:container-demuxer-webm: 4f35f7cbe854078d1ac9338744f61a02 -> 
  custom:video-encoder-webm-vp8: eb34c28f22e8b96e1ab97ce403110664 -> 
  custom:audio-encoder-webm-vorbis: bf7c407c2cedff20999df2af8eb42d56 -> 
  custom:framework-win-MediaFoundation: 216162199b28c13a410421893ffa2e32 -> 
  custom:container-demuxer-ogg: 62fdf1f143b41e24485cea50d1cbac27 -> 
  custom:video-decoder-webm-vp8: 9c59270c3fd7afecdb556c50c9e8de78 -> 
  custom:audio-decoder-ogg-vorbis: bf7c407c2cedff20999df2af8eb42d56 -> 
========================================================================
Received Import Request.
  Time since last request: 154.317011 seconds.
  path: Assets/Scripts/SampleProcess.cs
  artifactKey: Guid(27b9429444bb81c4d869c33e6db59c13) Importer(815301076,1909f56bfc062723c751e8b465ee728b)
Start importing Assets/Scripts/SampleProcess.cs using Guid(27b9429444bb81c4d869c33e6db59c13) Importer(815301076,1909f56bfc062723c751e8b465ee728b)  -> (artifact id: '77e6cc7da02ec3f415ba4af655515c7c') in 0.006154 seconds 
========================================================================
Received Prepare
Registering precompiled user dll's ...
Registered in 0.008684 seconds.
Begin MonoManager ReloadAssembly
Native extension for UWP target not found
Native extension for WindowsStandalone target not found
Refreshing native plugins compatible for Editor in 2.41 ms, found 19 plugins.
Preloading 0 native plugins for Editor in 0.00 ms.
Mono: successfully reloaded assembly
- Completed reload, in  0.982 seconds
Domain Reload Profiling:
	ReloadAssembly (983ms)
		BeginReloadAssembly (108ms)
			ExecutionOrderSort (0ms)
			DisableScriptedObjects (4ms)
			BackupInstance (0ms)
			ReleaseScriptingObjects (0ms)
			CreateAndSetChildDomain (32ms)
		EndReloadAssembly (799ms)
			LoadAssemblies (74ms)
			RebuildTransferFunctionScriptingTraits (0ms)
			SetupTypeCache (191ms)
			ReleaseScriptCaches (1ms)
			RebuildScriptCaches (39ms)
			SetupLoadedEditorAssemblies (422ms)
				LogAssemblyErrors (0ms)
				InitializePlatformSupportModulesInManaged (11ms)
				SetLoadedEditorAssemblies (1ms)
				RefreshPlugins (2ms)
				BeforeProcessingInitializeOnLoad (96ms)
				ProcessInitializeOnLoadAttributes (262ms)
				ProcessInitializeOnLoadMethodAttributes (47ms)
				AfterProcessingInitializeOnLoad (2ms)
				EditorAssembliesLoaded (0ms)
			ExecutionOrderSort2 (0ms)
			AwakeInstancesAfterBackupRestoration (10ms)
Platform modules already initialized, skipping
Refreshing native plugins compatible for Editor in 8.26 ms, found 19 plugins.
Preloading 0 native plugins for Editor in 0.00 ms.
Unloading 4273 Unused Serialized files (Serialized files now loaded: 0)
Unloading 95 unused Assets / (2.4 MB). Loaded Objects now: 4794.
Memory consumption went from 171.8 MB to 169.4 MB.
Total: 5.260600 ms (FindLiveObjects: 0.335200 ms CreateObjectMapping: 0.321600 ms MarkObjects: 3.808100 ms  DeleteObjects: 0.794700 ms)

AssetImportParameters requested are different than current active one (requested -> active):
  custom:video-decoder-ogg-theora: a1e56fd34408186e4bbccfd4996cb3dc -> 
  custom:container-muxer-webm: aa71ff27fc2769a1b78a27578f13a17b -> 
  custom:container-demuxer-webm: 4f35f7cbe854078d1ac9338744f61a02 -> 
  custom:video-encoder-webm-vp8: eb34c28f22e8b96e1ab97ce403110664 -> 
  custom:audio-encoder-webm-vorbis: bf7c407c2cedff20999df2af8eb42d56 -> 
  custom:framework-win-MediaFoundation: 216162199b28c13a410421893ffa2e32 -> 
  custom:container-demuxer-ogg: 62fdf1f143b41e24485cea50d1cbac27 -> 
  custom:video-decoder-webm-vp8: 9c59270c3fd7afecdb556c50c9e8de78 -> 
  custom:audio-decoder-ogg-vorbis: bf7c407c2cedff20999df2af8eb42d56 -> 
========================================================================
Received Import Request.
  Time since last request: 239.348089 seconds.
  path: Assets/Scripts/ZMQ/ZMQPublisherHelper.cs
  artifactKey: Guid(28af50b749bf769449c2472a748bce46) Importer(815301076,1909f56bfc062723c751e8b465ee728b)
Start importing Assets/Scripts/ZMQ/ZMQPublisherHelper.cs using Guid(28af50b749bf769449c2472a748bce46) Importer(815301076,1909f56bfc062723c751e8b465ee728b)  -> (artifact id: 'ef1ae1791a6d0a01245768abdda67d93') in 0.016096 seconds 
========================================================================
Received Prepare
Registering precompiled user dll's ...
Registered in 0.009806 seconds.
Begin MonoManager ReloadAssembly
Native extension for UWP target not found
Native extension for WindowsStandalone target not found
Refreshing native plugins compatible for Editor in 1.16 ms, found 19 plugins.
Preloading 0 native plugins for Editor in 0.00 ms.
Mono: successfully reloaded assembly
- Completed reload, in  1.001 seconds
Domain Reload Profiling:
	ReloadAssembly (1002ms)
		BeginReloadAssembly (109ms)
			ExecutionOrderSort (0ms)
			DisableScriptedObjects (4ms)
			BackupInstance (0ms)
			ReleaseScriptingObjects (0ms)
			CreateAndSetChildDomain (35ms)
		EndReloadAssembly (811ms)
			LoadAssemblies (76ms)
			RebuildTransferFunctionScriptingTraits (0ms)
			SetupTypeCache (222ms)
			ReleaseScriptCaches (1ms)
			RebuildScriptCaches (36ms)
			SetupLoadedEditorAssemblies (392ms)
				LogAssemblyErrors (0ms)
				InitializePlatformSupportModulesInManaged (11ms)
				SetLoadedEditorAssemblies (0ms)
				RefreshPlugins (1ms)
				BeforeProcessingInitializeOnLoad (65ms)
				ProcessInitializeOnLoadAttributes (264ms)
				ProcessInitializeOnLoadMethodAttributes (48ms)
				AfterProcessingInitializeOnLoad (2ms)
				EditorAssembliesLoaded (0ms)
			ExecutionOrderSort2 (0ms)
			AwakeInstancesAfterBackupRestoration (11ms)
Platform modules already initialized, skipping
Refreshing native plugins compatible for Editor in 6.93 ms, found 19 plugins.
Preloading 0 native plugins for Editor in 0.00 ms.
Unloading 4273 Unused Serialized files (Serialized files now loaded: 0)
Unloading 95 unused Assets / (2.3 MB). Loaded Objects now: 4798.
Memory consumption went from 171.7 MB to 169.4 MB.
Total: 4.026400 ms (FindLiveObjects: 0.287100 ms CreateObjectMapping: 0.212600 ms MarkObjects: 2.851400 ms  DeleteObjects: 0.674500 ms)

AssetImportParameters requested are different than current active one (requested -> active):
  custom:video-decoder-ogg-theora: a1e56fd34408186e4bbccfd4996cb3dc -> 
  custom:container-muxer-webm: aa71ff27fc2769a1b78a27578f13a17b -> 
  custom:container-demuxer-webm: 4f35f7cbe854078d1ac9338744f61a02 -> 
  custom:video-encoder-webm-vp8: eb34c28f22e8b96e1ab97ce403110664 -> 
  custom:audio-encoder-webm-vorbis: bf7c407c2cedff20999df2af8eb42d56 -> 
  custom:framework-win-MediaFoundation: 216162199b28c13a410421893ffa2e32 -> 
  custom:container-demuxer-ogg: 62fdf1f143b41e24485cea50d1cbac27 -> 
  custom:video-decoder-webm-vp8: 9c59270c3fd7afecdb556c50c9e8de78 -> 
  custom:audio-decoder-ogg-vorbis: bf7c407c2cedff20999df2af8eb42d56 -> 
========================================================================
Received Prepare
Registering precompiled user dll's ...
Registered in 0.009088 seconds.
Begin MonoManager ReloadAssembly
Native extension for UWP target not found
Native extension for WindowsStandalone target not found
Refreshing native plugins compatible for Editor in 1.15 ms, found 19 plugins.
Preloading 0 native plugins for Editor in 0.00 ms.
Mono: successfully reloaded assembly
- Completed reload, in  0.987 seconds
Domain Reload Profiling:
	ReloadAssembly (987ms)
		BeginReloadAssembly (110ms)
			ExecutionOrderSort (0ms)
			DisableScriptedObjects (5ms)
			BackupInstance (0ms)
			ReleaseScriptingObjects (0ms)
			CreateAndSetChildDomain (33ms)
		EndReloadAssembly (801ms)
			LoadAssemblies (78ms)
			RebuildTransferFunctionScriptingTraits (0ms)
			SetupTypeCache (209ms)
			ReleaseScriptCaches (1ms)
			RebuildScriptCaches (35ms)
			SetupLoadedEditorAssemblies (399ms)
				LogAssemblyErrors (0ms)
				InitializePlatformSupportModulesInManaged (10ms)
				SetLoadedEditorAssemblies (0ms)
				RefreshPlugins (1ms)
				BeforeProcessingInitializeOnLoad (63ms)
				ProcessInitializeOnLoadAttributes (267ms)
				ProcessInitializeOnLoadMethodAttributes (55ms)
				AfterProcessingInitializeOnLoad (2ms)
				EditorAssembliesLoaded (0ms)
			ExecutionOrderSort2 (0ms)
			AwakeInstancesAfterBackupRestoration (11ms)
Platform modules already initialized, skipping
Refreshing native plugins compatible for Editor in 6.93 ms, found 19 plugins.
Preloading 0 native plugins for Editor in 0.00 ms.
Unloading 4273 Unused Serialized files (Serialized files now loaded: 0)
Unloading 95 unused Assets / (2.3 MB). Loaded Objects now: 4802.
Memory consumption went from 171.8 MB to 169.4 MB.
Total: 3.993600 ms (FindLiveObjects: 0.284800 ms CreateObjectMapping: 0.162800 ms MarkObjects: 2.862300 ms  DeleteObjects: 0.682900 ms)

AssetImportParameters requested are different than current active one (requested -> active):
  custom:video-decoder-ogg-theora: a1e56fd34408186e4bbccfd4996cb3dc -> 
  custom:container-muxer-webm: aa71ff27fc2769a1b78a27578f13a17b -> 
  custom:container-demuxer-webm: 4f35f7cbe854078d1ac9338744f61a02 -> 
  custom:video-encoder-webm-vp8: eb34c28f22e8b96e1ab97ce403110664 -> 
  custom:audio-encoder-webm-vorbis: bf7c407c2cedff20999df2af8eb42d56 -> 
  custom:framework-win-MediaFoundation: 216162199b28c13a410421893ffa2e32 -> 
  custom:container-demuxer-ogg: 62fdf1f143b41e24485cea50d1cbac27 -> 
  custom:video-decoder-webm-vp8: 9c59270c3fd7afecdb556c50c9e8de78 -> 
  custom:audio-decoder-ogg-vorbis: bf7c407c2cedff20999df2af8eb42d56 -> 
========================================================================
Received Prepare
Registering precompiled user dll's ...
Registered in 0.008906 seconds.
Begin MonoManager ReloadAssembly
Native extension for UWP target not found
Native extension for WindowsStandalone target not found
Refreshing native plugins compatible for Editor in 1.14 ms, found 19 plugins.
Preloading 0 native plugins for Editor in 0.00 ms.
Mono: successfully reloaded assembly
- Completed reload, in  0.984 seconds
Domain Reload Profiling:
	ReloadAssembly (984ms)
		BeginReloadAssembly (110ms)
			ExecutionOrderSort (0ms)
			DisableScriptedObjects (4ms)
			BackupInstance (0ms)
			ReleaseScriptingObjects (0ms)
			CreateAndSetChildDomain (33ms)
		EndReloadAssembly (791ms)
			LoadAssemblies (76ms)
			RebuildTransferFunctionScriptingTraits (0ms)
			SetupTypeCache (206ms)
			ReleaseScriptCaches (1ms)
			RebuildScriptCaches (35ms)
			SetupLoadedEditorAssemblies (397ms)
				LogAssemblyErrors (0ms)
				InitializePlatformSupportModulesInManaged (10ms)
				SetLoadedEditorAssemblies (0ms)
				RefreshPlugins (1ms)
				BeforeProcessingInitializeOnLoad (68ms)
				ProcessInitializeOnLoadAttributes (263ms)
				ProcessInitializeOnLoadMethodAttributes (52ms)
				AfterProcessingInitializeOnLoad (2ms)
				EditorAssembliesLoaded (0ms)
			ExecutionOrderSort2 (0ms)
			AwakeInstancesAfterBackupRestoration (10ms)
Platform modules already initialized, skipping
Refreshing native plugins compatible for Editor in 7.05 ms, found 19 plugins.
Preloading 0 native plugins for Editor in 0.00 ms.
Unloading 4273 Unused Serialized files (Serialized files now loaded: 0)
Unloading 95 unused Assets / (2.3 MB). Loaded Objects now: 4806.
Memory consumption went from 171.7 MB to 169.4 MB.
Total: 3.992100 ms (FindLiveObjects: 0.302900 ms CreateObjectMapping: 0.195100 ms MarkObjects: 2.850200 ms  DeleteObjects: 0.643300 ms)

AssetImportParameters requested are different than current active one (requested -> active):
  custom:video-decoder-ogg-theora: a1e56fd34408186e4bbccfd4996cb3dc -> 
  custom:container-muxer-webm: aa71ff27fc2769a1b78a27578f13a17b -> 
  custom:container-demuxer-webm: 4f35f7cbe854078d1ac9338744f61a02 -> 
  custom:video-encoder-webm-vp8: eb34c28f22e8b96e1ab97ce403110664 -> 
  custom:audio-encoder-webm-vorbis: bf7c407c2cedff20999df2af8eb42d56 -> 
  custom:framework-win-MediaFoundation: 216162199b28c13a410421893ffa2e32 -> 
  custom:container-demuxer-ogg: 62fdf1f143b41e24485cea50d1cbac27 -> 
  custom:video-decoder-webm-vp8: 9c59270c3fd7afecdb556c50c9e8de78 -> 
  custom:audio-decoder-ogg-vorbis: bf7c407c2cedff20999df2af8eb42d56 -> 
========================================================================
Received Prepare
Registering precompiled user dll's ...
Registered in 0.008577 seconds.
Begin MonoManager ReloadAssembly
Native extension for UWP target not found
Native extension for WindowsStandalone target not found
Refreshing native plugins compatible for Editor in 1.18 ms, found 19 plugins.
Preloading 0 native plugins for Editor in 0.00 ms.
Mono: successfully reloaded assembly
- Completed reload, in  0.964 seconds
Domain Reload Profiling:
	ReloadAssembly (964ms)
		BeginReloadAssembly (106ms)
			ExecutionOrderSort (0ms)
			DisableScriptedObjects (4ms)
			BackupInstance (0ms)
			ReleaseScriptingObjects (0ms)
			CreateAndSetChildDomain (32ms)
		EndReloadAssembly (782ms)
			LoadAssemblies (74ms)
			RebuildTransferFunctionScriptingTraits (0ms)
			SetupTypeCache (214ms)
			ReleaseScriptCaches (1ms)
			RebuildScriptCaches (35ms)
			SetupLoadedEditorAssemblies (388ms)
				LogAssemblyErrors (0ms)
				InitializePlatformSupportModulesInManaged (14ms)
				SetLoadedEditorAssemblies (0ms)
				RefreshPlugins (1ms)
				BeforeProcessingInitializeOnLoad (66ms)
				ProcessInitializeOnLoadAttributes (258ms)
				ProcessInitializeOnLoadMethodAttributes (47ms)
				AfterProcessingInitializeOnLoad (2ms)
				EditorAssembliesLoaded (0ms)
			ExecutionOrderSort2 (0ms)
			AwakeInstancesAfterBackupRestoration (10ms)
Platform modules already initialized, skipping
Refreshing native plugins compatible for Editor in 8.32 ms, found 19 plugins.
Preloading 0 native plugins for Editor in 0.00 ms.
Unloading 4273 Unused Serialized files (Serialized files now loaded: 0)
Unloading 95 unused Assets / (2.4 MB). Loaded Objects now: 4810.
Memory consumption went from 171.8 MB to 169.5 MB.
Total: 3.805600 ms (FindLiveObjects: 0.328000 ms CreateObjectMapping: 0.264300 ms MarkObjects: 2.463600 ms  DeleteObjects: 0.748800 ms)

AssetImportParameters requested are different than current active one (requested -> active):
  custom:video-decoder-ogg-theora: a1e56fd34408186e4bbccfd4996cb3dc -> 
  custom:container-muxer-webm: aa71ff27fc2769a1b78a27578f13a17b -> 
  custom:container-demuxer-webm: 4f35f7cbe854078d1ac9338744f61a02 -> 
  custom:video-encoder-webm-vp8: eb34c28f22e8b96e1ab97ce403110664 -> 
  custom:audio-encoder-webm-vorbis: bf7c407c2cedff20999df2af8eb42d56 -> 
  custom:framework-win-MediaFoundation: 216162199b28c13a410421893ffa2e32 -> 
  custom:container-demuxer-ogg: 62fdf1f143b41e24485cea50d1cbac27 -> 
  custom:video-decoder-webm-vp8: 9c59270c3fd7afecdb556c50c9e8de78 -> 
  custom:audio-decoder-ogg-vorbis: bf7c407c2cedff20999df2af8eb42d56 -> 
========================================================================
Received Prepare
Refreshing native plugins compatible for Editor in 13.11 ms, found 19 plugins.
Preloading 0 native plugins for Editor in 0.00 ms.
Unloading 95 Unused Serialized files (Serialized files now loaded: 0)
Unloading 95 unused Assets / (2.4 MB). Loaded Objects now: 4810.
Memory consumption went from 87.8 MB to 85.4 MB.
Total: 4.286600 ms (FindLiveObjects: 0.294100 ms CreateObjectMapping: 0.205200 ms MarkObjects: 3.086400 ms  DeleteObjects: 0.700400 ms)

AssetImportParameters requested are different than current active one (requested -> active):
  custom:video-decoder-ogg-theora: a1e56fd34408186e4bbccfd4996cb3dc -> 
  custom:container-muxer-webm: aa71ff27fc2769a1b78a27578f13a17b -> 
  custom:container-demuxer-webm: 4f35f7cbe854078d1ac9338744f61a02 -> 
  custom:video-encoder-webm-vp8: eb34c28f22e8b96e1ab97ce403110664 -> 
  custom:audio-encoder-webm-vorbis: bf7c407c2cedff20999df2af8eb42d56 -> 
  custom:framework-win-MediaFoundation: 216162199b28c13a410421893ffa2e32 -> 
  custom:container-demuxer-ogg: 62fdf1f143b41e24485cea50d1cbac27 -> 
  custom:video-decoder-webm-vp8: 9c59270c3fd7afecdb556c50c9e8de78 -> 
  custom:audio-decoder-ogg-vorbis: bf7c407c2cedff20999df2af8eb42d56 -> 
========================================================================
Received Prepare
Registering precompiled user dll's ...
Registered in 0.010076 seconds.
Begin MonoManager ReloadAssembly
Native extension for UWP target not found
Native extension for WindowsStandalone target not found
Refreshing native plugins compatible for Editor in 1.17 ms, found 19 plugins.
Preloading 0 native plugins for Editor in 0.00 ms.
Mono: successfully reloaded assembly
- Completed reload, in  1.020 seconds
Domain Reload Profiling:
	ReloadAssembly (1021ms)
		BeginReloadAssembly (112ms)
			ExecutionOrderSort (0ms)
			DisableScriptedObjects (6ms)
			BackupInstance (0ms)
			ReleaseScriptingObjects (0ms)
			CreateAndSetChildDomain (33ms)
		EndReloadAssembly (821ms)
			LoadAssemblies (75ms)
			RebuildTransferFunctionScriptingTraits (0ms)
			SetupTypeCache (212ms)
			ReleaseScriptCaches (1ms)
			RebuildScriptCaches (43ms)
			SetupLoadedEditorAssemblies (410ms)
				LogAssemblyErrors (0ms)
				InitializePlatformSupportModulesInManaged (10ms)
				SetLoadedEditorAssemblies (0ms)
				RefreshPlugins (1ms)
				BeforeProcessingInitializeOnLoad (65ms)
				ProcessInitializeOnLoadAttributes (282ms)
				ProcessInitializeOnLoadMethodAttributes (48ms)
				AfterProcessingInitializeOnLoad (2ms)
				EditorAssembliesLoaded (0ms)
			ExecutionOrderSort2 (0ms)
			AwakeInstancesAfterBackupRestoration (10ms)
Platform modules already initialized, skipping
Refreshing native plugins compatible for Editor in 7.08 ms, found 19 plugins.
Preloading 0 native plugins for Editor in 0.00 ms.
Unloading 4273 Unused Serialized files (Serialized files now loaded: 0)
Unloading 95 unused Assets / (2.3 MB). Loaded Objects now: 4814.
Memory consumption went from 171.8 MB to 169.5 MB.
Total: 4.017800 ms (FindLiveObjects: 0.287700 ms CreateObjectMapping: 0.192800 ms MarkObjects: 2.841400 ms  DeleteObjects: 0.695400 ms)

AssetImportParameters requested are different than current active one (requested -> active):
  custom:video-decoder-ogg-theora: a1e56fd34408186e4bbccfd4996cb3dc -> 
  custom:container-muxer-webm: aa71ff27fc2769a1b78a27578f13a17b -> 
  custom:container-demuxer-webm: 4f35f7cbe854078d1ac9338744f61a02 -> 
  custom:video-encoder-webm-vp8: eb34c28f22e8b96e1ab97ce403110664 -> 
  custom:audio-encoder-webm-vorbis: bf7c407c2cedff20999df2af8eb42d56 -> 
  custom:framework-win-MediaFoundation: 216162199b28c13a410421893ffa2e32 -> 
  custom:container-demuxer-ogg: 62fdf1f143b41e24485cea50d1cbac27 -> 
  custom:video-decoder-webm-vp8: 9c59270c3fd7afecdb556c50c9e8de78 -> 
  custom:audio-decoder-ogg-vorbis: bf7c407c2cedff20999df2af8eb42d56 -> 
========================================================================
Received Prepare
Registering precompiled user dll's ...
Registered in 0.010562 seconds.
Begin MonoManager ReloadAssembly
Native extension for UWP target not found
Native extension for WindowsStandalone target not found
Refreshing native plugins compatible for Editor in 1.14 ms, found 19 plugins.
Preloading 0 native plugins for Editor in 0.00 ms.
Mono: successfully reloaded assembly
- Completed reload, in  0.980 seconds
Domain Reload Profiling:
	ReloadAssembly (980ms)
		BeginReloadAssembly (108ms)
			ExecutionOrderSort (0ms)
			DisableScriptedObjects (4ms)
			BackupInstance (0ms)
			ReleaseScriptingObjects (0ms)
			CreateAndSetChildDomain (31ms)
		EndReloadAssembly (796ms)
			LoadAssemblies (76ms)
			RebuildTransferFunctionScriptingTraits (0ms)
			SetupTypeCache (220ms)
			ReleaseScriptCaches (1ms)
			RebuildScriptCaches (51ms)
			SetupLoadedEditorAssemblies (381ms)
				LogAssemblyErrors (0ms)
				InitializePlatformSupportModulesInManaged (10ms)
				SetLoadedEditorAssemblies (0ms)
				RefreshPlugins (1ms)
				BeforeProcessingInitializeOnLoad (65ms)
				ProcessInitializeOnLoadAttributes (250ms)
				ProcessInitializeOnLoadMethodAttributes (52ms)
				AfterProcessingInitializeOnLoad (2ms)
				EditorAssembliesLoaded (0ms)
			ExecutionOrderSort2 (0ms)
			AwakeInstancesAfterBackupRestoration (10ms)
Platform modules already initialized, skipping
Refreshing native plugins compatible for Editor in 7.08 ms, found 19 plugins.
Preloading 0 native plugins for Editor in 0.00 ms.
Unloading 4273 Unused Serialized files (Serialized files now loaded: 0)
Unloading 95 unused Assets / (2.3 MB). Loaded Objects now: 4818.
Memory consumption went from 171.8 MB to 169.5 MB.
Total: 3.991000 ms (FindLiveObjects: 0.309800 ms CreateObjectMapping: 0.203000 ms MarkObjects: 2.777200 ms  DeleteObjects: 0.700100 ms)

AssetImportParameters requested are different than current active one (requested -> active):
  custom:video-decoder-ogg-theora: a1e56fd34408186e4bbccfd4996cb3dc -> 
  custom:container-muxer-webm: aa71ff27fc2769a1b78a27578f13a17b -> 
  custom:container-demuxer-webm: 4f35f7cbe854078d1ac9338744f61a02 -> 
  custom:video-encoder-webm-vp8: eb34c28f22e8b96e1ab97ce403110664 -> 
  custom:audio-encoder-webm-vorbis: bf7c407c2cedff20999df2af8eb42d56 -> 
  custom:framework-win-MediaFoundation: 216162199b28c13a410421893ffa2e32 -> 
  custom:container-demuxer-ogg: 62fdf1f143b41e24485cea50d1cbac27 -> 
  custom:video-decoder-webm-vp8: 9c59270c3fd7afecdb556c50c9e8de78 -> 
  custom:audio-decoder-ogg-vorbis: bf7c407c2cedff20999df2af8eb42d56 -> 
========================================================================
Received Prepare
Refreshing native plugins compatible for Editor in 12.96 ms, found 19 plugins.
Preloading 0 native plugins for Editor in 0.00 ms.
Unloading 95 Unused Serialized files (Serialized files now loaded: 0)
Unloading 95 unused Assets / (2.3 MB). Loaded Objects now: 4818.
Memory consumption went from 87.7 MB to 85.4 MB.
Total: 3.780300 ms (FindLiveObjects: 0.284900 ms CreateObjectMapping: 0.188100 ms MarkObjects: 2.550100 ms  DeleteObjects: 0.756600 ms)

AssetImportParameters requested are different than current active one (requested -> active):
  custom:video-decoder-ogg-theora: a1e56fd34408186e4bbccfd4996cb3dc -> 
  custom:container-muxer-webm: aa71ff27fc2769a1b78a27578f13a17b -> 
  custom:container-demuxer-webm: 4f35f7cbe854078d1ac9338744f61a02 -> 
  custom:video-encoder-webm-vp8: eb34c28f22e8b96e1ab97ce403110664 -> 
  custom:audio-encoder-webm-vorbis: bf7c407c2cedff20999df2af8eb42d56 -> 
  custom:framework-win-MediaFoundation: 216162199b28c13a410421893ffa2e32 -> 
  custom:container-demuxer-ogg: 62fdf1f143b41e24485cea50d1cbac27 -> 
  custom:video-decoder-webm-vp8: 9c59270c3fd7afecdb556c50c9e8de78 -> 
  custom:audio-decoder-ogg-vorbis: bf7c407c2cedff20999df2af8eb42d56 -> 
========================================================================
Received Prepare
Registering precompiled user dll's ...
Registered in 0.009248 seconds.
Begin MonoManager ReloadAssembly
Native extension for UWP target not found
Native extension for WindowsStandalone target not found
Refreshing native plugins compatible for Editor in 1.17 ms, found 19 plugins.
Preloading 0 native plugins for Editor in 0.00 ms.
Mono: successfully reloaded assembly
- Completed reload, in  1.003 seconds
Domain Reload Profiling:
	ReloadAssembly (1003ms)
		BeginReloadAssembly (107ms)
			ExecutionOrderSort (0ms)
			DisableScriptedObjects (4ms)
			BackupInstance (0ms)
			ReleaseScriptingObjects (0ms)
			CreateAndSetChildDomain (32ms)
		EndReloadAssembly (808ms)
			LoadAssemblies (72ms)
			RebuildTransferFunctionScriptingTraits (0ms)
			SetupTypeCache (212ms)
			ReleaseScriptCaches (1ms)
			RebuildScriptCaches (47ms)
			SetupLoadedEditorAssemblies (396ms)
				LogAssemblyErrors (0ms)
				InitializePlatformSupportModulesInManaged (10ms)
				SetLoadedEditorAssemblies (0ms)
				RefreshPlugins (1ms)
				BeforeProcessingInitializeOnLoad (63ms)
				ProcessInitializeOnLoadAttributes (274ms)
				ProcessInitializeOnLoadMethodAttributes (46ms)
				AfterProcessingInitializeOnLoad (2ms)
				EditorAssembliesLoaded (0ms)
			ExecutionOrderSort2 (0ms)
			AwakeInstancesAfterBackupRestoration (10ms)
Platform modules already initialized, skipping
Refreshing native plugins compatible for Editor in 6.93 ms, found 19 plugins.
Preloading 0 native plugins for Editor in 0.00 ms.
Unloading 4273 Unused Serialized files (Serialized files now loaded: 0)
Unloading 95 unused Assets / (2.4 MB). Loaded Objects now: 4822.
Memory consumption went from 171.9 MB to 169.5 MB.
Total: 3.742200 ms (FindLiveObjects: 0.300000 ms CreateObjectMapping: 0.186700 ms MarkObjects: 2.537900 ms  DeleteObjects: 0.717000 ms)

AssetImportParameters requested are different than current active one (requested -> active):
  custom:video-decoder-ogg-theora: a1e56fd34408186e4bbccfd4996cb3dc -> 
  custom:container-muxer-webm: aa71ff27fc2769a1b78a27578f13a17b -> 
  custom:container-demuxer-webm: 4f35f7cbe854078d1ac9338744f61a02 -> 
  custom:video-encoder-webm-vp8: eb34c28f22e8b96e1ab97ce403110664 -> 
  custom:audio-encoder-webm-vorbis: bf7c407c2cedff20999df2af8eb42d56 -> 
  custom:framework-win-MediaFoundation: 216162199b28c13a410421893ffa2e32 -> 
  custom:container-demuxer-ogg: 62fdf1f143b41e24485cea50d1cbac27 -> 
  custom:video-decoder-webm-vp8: 9c59270c3fd7afecdb556c50c9e8de78 -> 
  custom:audio-decoder-ogg-vorbis: bf7c407c2cedff20999df2af8eb42d56 -> 
========================================================================
Received Prepare
Registering precompiled user dll's ...
Registered in 0.010229 seconds.
Begin MonoManager ReloadAssembly
Native extension for UWP target not found
Native extension for WindowsStandalone target not found
Refreshing native plugins compatible for Editor in 1.18 ms, found 19 plugins.
Preloading 0 native plugins for Editor in 0.00 ms.
Mono: successfully reloaded assembly
- Completed reload, in  0.986 seconds
Domain Reload Profiling:
	ReloadAssembly (987ms)
		BeginReloadAssembly (114ms)
			ExecutionOrderSort (0ms)
			DisableScriptedObjects (4ms)
			BackupInstance (0ms)
			ReleaseScriptingObjects (0ms)
			CreateAndSetChildDomain (35ms)
		EndReloadAssembly (794ms)
			LoadAssemblies (71ms)
			RebuildTransferFunctionScriptingTraits (0ms)
			SetupTypeCache (189ms)
			ReleaseScriptCaches (1ms)
			RebuildScriptCaches (34ms)
			SetupLoadedEditorAssemblies (425ms)
				LogAssemblyErrors (0ms)
				InitializePlatformSupportModulesInManaged (12ms)
				SetLoadedEditorAssemblies (0ms)
				RefreshPlugins (1ms)
				BeforeProcessingInitializeOnLoad (70ms)
				ProcessInitializeOnLoadAttributes (286ms)
				ProcessInitializeOnLoadMethodAttributes (53ms)
				AfterProcessingInitializeOnLoad (3ms)
				EditorAssembliesLoaded (0ms)
			ExecutionOrderSort2 (0ms)
			AwakeInstancesAfterBackupRestoration (11ms)
Platform modules already initialized, skipping
Refreshing native plugins compatible for Editor in 7.12 ms, found 19 plugins.
Preloading 0 native plugins for Editor in 0.00 ms.
Unloading 4273 Unused Serialized files (Serialized files now loaded: 0)
Unloading 95 unused Assets / (2.4 MB). Loaded Objects now: 4826.
Memory consumption went from 171.9 MB to 169.5 MB.
Total: 4.254900 ms (FindLiveObjects: 0.309000 ms CreateObjectMapping: 0.213300 ms MarkObjects: 3.047200 ms  DeleteObjects: 0.684500 ms)

AssetImportParameters requested are different than current active one (requested -> active):
  custom:video-decoder-ogg-theora: a1e56fd34408186e4bbccfd4996cb3dc -> 
  custom:container-muxer-webm: aa71ff27fc2769a1b78a27578f13a17b -> 
  custom:container-demuxer-webm: 4f35f7cbe854078d1ac9338744f61a02 -> 
  custom:video-encoder-webm-vp8: eb34c28f22e8b96e1ab97ce403110664 -> 
  custom:audio-encoder-webm-vorbis: bf7c407c2cedff20999df2af8eb42d56 -> 
  custom:framework-win-MediaFoundation: 216162199b28c13a410421893ffa2e32 -> 
  custom:container-demuxer-ogg: 62fdf1f143b41e24485cea50d1cbac27 -> 
  custom:video-decoder-webm-vp8: 9c59270c3fd7afecdb556c50c9e8de78 -> 
  custom:audio-decoder-ogg-vorbis: bf7c407c2cedff20999df2af8eb42d56 -> 
========================================================================
Received Prepare
Refreshing native plugins compatible for Editor in 12.74 ms, found 19 plugins.
Preloading 0 native plugins for Editor in 0.00 ms.
Unloading 95 Unused Serialized files (Serialized files now loaded: 0)
Unloading 95 unused Assets / (2.3 MB). Loaded Objects now: 4826.
Memory consumption went from 87.8 MB to 85.4 MB.
Total: 3.864900 ms (FindLiveObjects: 0.301700 ms CreateObjectMapping: 0.222000 ms MarkObjects: 2.608900 ms  DeleteObjects: 0.731900 ms)

AssetImportParameters requested are different than current active one (requested -> active):
  custom:video-decoder-ogg-theora: a1e56fd34408186e4bbccfd4996cb3dc -> 
  custom:container-muxer-webm: aa71ff27fc2769a1b78a27578f13a17b -> 
  custom:container-demuxer-webm: 4f35f7cbe854078d1ac9338744f61a02 -> 
  custom:video-encoder-webm-vp8: eb34c28f22e8b96e1ab97ce403110664 -> 
  custom:audio-encoder-webm-vorbis: bf7c407c2cedff20999df2af8eb42d56 -> 
  custom:framework-win-MediaFoundation: 216162199b28c13a410421893ffa2e32 -> 
  custom:container-demuxer-ogg: 62fdf1f143b41e24485cea50d1cbac27 -> 
  custom:video-decoder-webm-vp8: 9c59270c3fd7afecdb556c50c9e8de78 -> 
  custom:audio-decoder-ogg-vorbis: bf7c407c2cedff20999df2af8eb42d56 -> 
========================================================================
Received Prepare
Registering precompiled user dll's ...
Registered in 0.011201 seconds.
Begin MonoManager ReloadAssembly
Native extension for UWP target not found
Native extension for WindowsStandalone target not found
Refreshing native plugins compatible for Editor in 1.14 ms, found 19 plugins.
Preloading 0 native plugins for Editor in 0.00 ms.
Mono: successfully reloaded assembly
- Completed reload, in  0.979 seconds
Domain Reload Profiling:
	ReloadAssembly (980ms)
		BeginReloadAssembly (112ms)
			ExecutionOrderSort (0ms)
			DisableScriptedObjects (4ms)
			BackupInstance (0ms)
			ReleaseScriptingObjects (0ms)
			CreateAndSetChildDomain (33ms)
		EndReloadAssembly (791ms)
			LoadAssemblies (77ms)
			RebuildTransferFunctionScriptingTraits (0ms)
			SetupTypeCache (209ms)
			ReleaseScriptCaches (1ms)
			RebuildScriptCaches (37ms)
			SetupLoadedEditorAssemblies (395ms)
				LogAssemblyErrors (0ms)
				InitializePlatformSupportModulesInManaged (10ms)
				SetLoadedEditorAssemblies (0ms)
				RefreshPlugins (1ms)
				BeforeProcessingInitializeOnLoad (68ms)
				ProcessInitializeOnLoadAttributes (267ms)
				ProcessInitializeOnLoadMethodAttributes (47ms)
				AfterProcessingInitializeOnLoad (2ms)
				EditorAssembliesLoaded (0ms)
			ExecutionOrderSort2 (0ms)
			AwakeInstancesAfterBackupRestoration (10ms)
Platform modules already initialized, skipping
Refreshing native plugins compatible for Editor in 6.94 ms, found 19 plugins.
Preloading 0 native plugins for Editor in 0.00 ms.
Unloading 4273 Unused Serialized files (Serialized files now loaded: 0)
Unloading 95 unused Assets / (2.4 MB). Loaded Objects now: 4830.
Memory consumption went from 171.9 MB to 169.5 MB.
Total: 4.099700 ms (FindLiveObjects: 0.284800 ms CreateObjectMapping: 0.207100 ms MarkObjects: 2.932000 ms  DeleteObjects: 0.675300 ms)

AssetImportParameters requested are different than current active one (requested -> active):
  custom:video-decoder-ogg-theora: a1e56fd34408186e4bbccfd4996cb3dc -> 
  custom:container-muxer-webm: aa71ff27fc2769a1b78a27578f13a17b -> 
  custom:container-demuxer-webm: 4f35f7cbe854078d1ac9338744f61a02 -> 
  custom:video-encoder-webm-vp8: eb34c28f22e8b96e1ab97ce403110664 -> 
  custom:audio-encoder-webm-vorbis: bf7c407c2cedff20999df2af8eb42d56 -> 
  custom:framework-win-MediaFoundation: 216162199b28c13a410421893ffa2e32 -> 
  custom:container-demuxer-ogg: 62fdf1f143b41e24485cea50d1cbac27 -> 
  custom:video-decoder-webm-vp8: 9c59270c3fd7afecdb556c50c9e8de78 -> 
  custom:audio-decoder-ogg-vorbis: bf7c407c2cedff20999df2af8eb42d56 -> 
========================================================================
Received Prepare
Refreshing native plugins compatible for Editor in 15.19 ms, found 19 plugins.
Preloading 0 native plugins for Editor in 0.00 ms.
Unloading 95 Unused Serialized files (Serialized files now loaded: 0)
Unloading 95 unused Assets / (2.4 MB). Loaded Objects now: 4830.
Memory consumption went from 87.8 MB to 85.5 MB.
Total: 4.277000 ms (FindLiveObjects: 0.306600 ms CreateObjectMapping: 0.238600 ms MarkObjects: 2.967200 ms  DeleteObjects: 0.764000 ms)

AssetImportParameters requested are different than current active one (requested -> active):
  custom:video-decoder-ogg-theora: a1e56fd34408186e4bbccfd4996cb3dc -> 
  custom:container-muxer-webm: aa71ff27fc2769a1b78a27578f13a17b -> 
  custom:container-demuxer-webm: 4f35f7cbe854078d1ac9338744f61a02 -> 
  custom:video-encoder-webm-vp8: eb34c28f22e8b96e1ab97ce403110664 -> 
  custom:audio-encoder-webm-vorbis: bf7c407c2cedff20999df2af8eb42d56 -> 
  custom:framework-win-MediaFoundation: 216162199b28c13a410421893ffa2e32 -> 
  custom:container-demuxer-ogg: 62fdf1f143b41e24485cea50d1cbac27 -> 
  custom:video-decoder-webm-vp8: 9c59270c3fd7afecdb556c50c9e8de78 -> 
  custom:audio-decoder-ogg-vorbis: bf7c407c2cedff20999df2af8eb42d56 -> 
========================================================================
Received Prepare
Refreshing native plugins compatible for Editor in 13.87 ms, found 19 plugins.
Preloading 0 native plugins for Editor in 0.00 ms.
Unloading 95 Unused Serialized files (Serialized files now loaded: 0)
Unloading 95 unused Assets / (2.3 MB). Loaded Objects now: 4830.
Memory consumption went from 87.4 MB to 85.1 MB.
Total: 4.432900 ms (FindLiveObjects: 0.333600 ms CreateObjectMapping: 0.249700 ms MarkObjects: 3.124900 ms  DeleteObjects: 0.724300 ms)

AssetImportParameters requested are different than current active one (requested -> active):
  custom:video-decoder-ogg-theora: a1e56fd34408186e4bbccfd4996cb3dc -> 
  custom:container-muxer-webm: aa71ff27fc2769a1b78a27578f13a17b -> 
  custom:container-demuxer-webm: 4f35f7cbe854078d1ac9338744f61a02 -> 
  custom:video-encoder-webm-vp8: eb34c28f22e8b96e1ab97ce403110664 -> 
  custom:audio-encoder-webm-vorbis: bf7c407c2cedff20999df2af8eb42d56 -> 
  custom:framework-win-MediaFoundation: 216162199b28c13a410421893ffa2e32 -> 
  custom:container-demuxer-ogg: 62fdf1f143b41e24485cea50d1cbac27 -> 
  custom:video-decoder-webm-vp8: 9c59270c3fd7afecdb556c50c9e8de78 -> 
  custom:audio-decoder-ogg-vorbis: bf7c407c2cedff20999df2af8eb42d56 -> 
========================================================================
Received Prepare
Registering precompiled user dll's ...
Registered in 0.013671 seconds.
Begin MonoManager ReloadAssembly
Native extension for UWP target not found
Native extension for WindowsStandalone target not found
Refreshing native plugins compatible for Editor in 1.22 ms, found 19 plugins.
Preloading 0 native plugins for Editor in 0.00 ms.
Mono: successfully reloaded assembly
- Completed reload, in  1.105 seconds
Domain Reload Profiling:
	ReloadAssembly (1106ms)
		BeginReloadAssembly (169ms)
			ExecutionOrderSort (0ms)
			DisableScriptedObjects (4ms)
			BackupInstance (0ms)
			ReleaseScriptingObjects (0ms)
			CreateAndSetChildDomain (71ms)
		EndReloadAssembly (840ms)
			LoadAssemblies (94ms)
			RebuildTransferFunctionScriptingTraits (0ms)
			SetupTypeCache (207ms)
			ReleaseScriptCaches (1ms)
			RebuildScriptCaches (36ms)
			SetupLoadedEditorAssemblies (429ms)
				LogAssemblyErrors (0ms)
				InitializePlatformSupportModulesInManaged (10ms)
				SetLoadedEditorAssemblies (0ms)
				RefreshPlugins (1ms)
				BeforeProcessingInitializeOnLoad (66ms)
				ProcessInitializeOnLoadAttributes (302ms)
				ProcessInitializeOnLoadMethodAttributes (47ms)
				AfterProcessingInitializeOnLoad (2ms)
				EditorAssembliesLoaded (0ms)
			ExecutionOrderSort2 (0ms)
			AwakeInstancesAfterBackupRestoration (11ms)
Platform modules already initialized, skipping
Refreshing native plugins compatible for Editor in 6.89 ms, found 19 plugins.
Preloading 0 native plugins for Editor in 0.00 ms.
Unloading 4273 Unused Serialized files (Serialized files now loaded: 0)
Unloading 95 unused Assets / (2.3 MB). Loaded Objects now: 4834.
Memory consumption went from 171.8 MB to 169.5 MB.
Total: 4.199800 ms (FindLiveObjects: 0.402200 ms CreateObjectMapping: 0.227800 ms MarkObjects: 2.890000 ms  DeleteObjects: 0.679200 ms)

AssetImportParameters requested are different than current active one (requested -> active):
  custom:video-decoder-ogg-theora: a1e56fd34408186e4bbccfd4996cb3dc -> 
  custom:container-muxer-webm: aa71ff27fc2769a1b78a27578f13a17b -> 
  custom:container-demuxer-webm: 4f35f7cbe854078d1ac9338744f61a02 -> 
  custom:video-encoder-webm-vp8: eb34c28f22e8b96e1ab97ce403110664 -> 
  custom:audio-encoder-webm-vorbis: bf7c407c2cedff20999df2af8eb42d56 -> 
  custom:framework-win-MediaFoundation: 216162199b28c13a410421893ffa2e32 -> 
  custom:container-demuxer-ogg: 62fdf1f143b41e24485cea50d1cbac27 -> 
  custom:video-decoder-webm-vp8: 9c59270c3fd7afecdb556c50c9e8de78 -> 
  custom:audio-decoder-ogg-vorbis: bf7c407c2cedff20999df2af8eb42d56 -> 
========================================================================
Received Prepare
Refreshing native plugins compatible for Editor in 357.72 ms, found 19 plugins.
Preloading 0 native plugins for Editor in 0.00 ms.
Unloading 95 Unused Serialized files (Serialized files now loaded: 0)
Unloading 95 unused Assets / (2.3 MB). Loaded Objects now: 4834.
Memory consumption went from 87.8 MB to 85.5 MB.
Total: 7.927200 ms (FindLiveObjects: 0.489300 ms CreateObjectMapping: 0.459500 ms MarkObjects: 5.562300 ms  DeleteObjects: 1.414900 ms)

AssetImportParameters requested are different than current active one (requested -> active):
  custom:video-decoder-ogg-theora: a1e56fd34408186e4bbccfd4996cb3dc -> 
  custom:container-muxer-webm: aa71ff27fc2769a1b78a27578f13a17b -> 
  custom:container-demuxer-webm: 4f35f7cbe854078d1ac9338744f61a02 -> 
  custom:video-encoder-webm-vp8: eb34c28f22e8b96e1ab97ce403110664 -> 
  custom:audio-encoder-webm-vorbis: bf7c407c2cedff20999df2af8eb42d56 -> 
  custom:framework-win-MediaFoundation: 216162199b28c13a410421893ffa2e32 -> 
  custom:container-demuxer-ogg: 62fdf1f143b41e24485cea50d1cbac27 -> 
  custom:video-decoder-webm-vp8: 9c59270c3fd7afecdb556c50c9e8de78 -> 
  custom:audio-decoder-ogg-vorbis: bf7c407c2cedff20999df2af8eb42d56 -> 
========================================================================
Received Prepare
Registering precompiled user dll's ...
Registered in 0.009309 seconds.
Begin MonoManager ReloadAssembly
Native extension for UWP target not found
Native extension for WindowsStandalone target not found
Refreshing native plugins compatible for Editor in 1.19 ms, found 19 plugins.
Preloading 0 native plugins for Editor in 0.00 ms.
Mono: successfully reloaded assembly
- Completed reload, in  0.986 seconds
Domain Reload Profiling:
	ReloadAssembly (986ms)
		BeginReloadAssembly (107ms)
			ExecutionOrderSort (0ms)
			DisableScriptedObjects (4ms)
			BackupInstance (0ms)
			ReleaseScriptingObjects (0ms)
			CreateAndSetChildDomain (32ms)
		EndReloadAssembly (798ms)
			LoadAssemblies (73ms)
			RebuildTransferFunctionScriptingTraits (0ms)
			SetupTypeCache (209ms)
			ReleaseScriptCaches (1ms)
			RebuildScriptCaches (35ms)
			SetupLoadedEditorAssemblies (413ms)
				LogAssemblyErrors (0ms)
				InitializePlatformSupportModulesInManaged (10ms)
				SetLoadedEditorAssemblies (0ms)
				RefreshPlugins (1ms)
				BeforeProcessingInitializeOnLoad (78ms)
				ProcessInitializeOnLoadAttributes (265ms)
				ProcessInitializeOnLoadMethodAttributes (55ms)
				AfterProcessingInitializeOnLoad (2ms)
				EditorAssembliesLoaded (0ms)
			ExecutionOrderSort2 (0ms)
			AwakeInstancesAfterBackupRestoration (14ms)
Platform modules already initialized, skipping
Refreshing native plugins compatible for Editor in 6.94 ms, found 19 plugins.
Preloading 0 native plugins for Editor in 0.00 ms.
Unloading 4273 Unused Serialized files (Serialized files now loaded: 0)
Unloading 95 unused Assets / (2.3 MB). Loaded Objects now: 4838.
Memory consumption went from 171.8 MB to 169.6 MB.
Total: 4.121700 ms (FindLiveObjects: 0.291800 ms CreateObjectMapping: 0.225000 ms MarkObjects: 2.938000 ms  DeleteObjects: 0.666400 ms)

AssetImportParameters requested are different than current active one (requested -> active):
  custom:video-decoder-ogg-theora: a1e56fd34408186e4bbccfd4996cb3dc -> 
  custom:container-muxer-webm: aa71ff27fc2769a1b78a27578f13a17b -> 
  custom:container-demuxer-webm: 4f35f7cbe854078d1ac9338744f61a02 -> 
  custom:video-encoder-webm-vp8: eb34c28f22e8b96e1ab97ce403110664 -> 
  custom:audio-encoder-webm-vorbis: bf7c407c2cedff20999df2af8eb42d56 -> 
  custom:framework-win-MediaFoundation: 216162199b28c13a410421893ffa2e32 -> 
  custom:container-demuxer-ogg: 62fdf1f143b41e24485cea50d1cbac27 -> 
  custom:video-decoder-webm-vp8: 9c59270c3fd7afecdb556c50c9e8de78 -> 
  custom:audio-decoder-ogg-vorbis: bf7c407c2cedff20999df2af8eb42d56 -> 
========================================================================
Received Prepare
Refreshing native plugins compatible for Editor in 16.04 ms, found 19 plugins.
Preloading 0 native plugins for Editor in 0.00 ms.
Unloading 95 Unused Serialized files (Serialized files now loaded: 0)
Unloading 95 unused Assets / (2.3 MB). Loaded Objects now: 4838.
Memory consumption went from 87.8 MB to 85.5 MB.
Total: 3.794400 ms (FindLiveObjects: 0.301300 ms CreateObjectMapping: 0.242400 ms MarkObjects: 2.476000 ms  DeleteObjects: 0.774300 ms)

AssetImportParameters requested are different than current active one (requested -> active):
  custom:video-decoder-ogg-theora: a1e56fd34408186e4bbccfd4996cb3dc -> 
  custom:container-muxer-webm: aa71ff27fc2769a1b78a27578f13a17b -> 
  custom:container-demuxer-webm: 4f35f7cbe854078d1ac9338744f61a02 -> 
  custom:video-encoder-webm-vp8: eb34c28f22e8b96e1ab97ce403110664 -> 
  custom:audio-encoder-webm-vorbis: bf7c407c2cedff20999df2af8eb42d56 -> 
  custom:framework-win-MediaFoundation: 216162199b28c13a410421893ffa2e32 -> 
  custom:container-demuxer-ogg: 62fdf1f143b41e24485cea50d1cbac27 -> 
  custom:video-decoder-webm-vp8: 9c59270c3fd7afecdb556c50c9e8de78 -> 
  custom:audio-decoder-ogg-vorbis: bf7c407c2cedff20999df2af8eb42d56 -> 
========================================================================
Received Prepare
Registering precompiled user dll's ...
Registered in 0.009293 seconds.
Begin MonoManager ReloadAssembly
Native extension for UWP target not found
Native extension for WindowsStandalone target not found
Refreshing native plugins compatible for Editor in 1.21 ms, found 19 plugins.
Preloading 0 native plugins for Editor in 0.00 ms.
Mono: successfully reloaded assembly
- Completed reload, in  0.994 seconds
Domain Reload Profiling:
	ReloadAssembly (995ms)
		BeginReloadAssembly (108ms)
			ExecutionOrderSort (0ms)
			DisableScriptedObjects (4ms)
			BackupInstance (0ms)
			ReleaseScriptingObjects (0ms)
			CreateAndSetChildDomain (31ms)
		EndReloadAssembly (807ms)
			LoadAssemblies (73ms)
			RebuildTransferFunctionScriptingTraits (0ms)
			SetupTypeCache (198ms)
			ReleaseScriptCaches (1ms)
			RebuildScriptCaches (47ms)
			SetupLoadedEditorAssemblies (417ms)
				LogAssemblyErrors (0ms)
				InitializePlatformSupportModulesInManaged (10ms)
				SetLoadedEditorAssemblies (0ms)
				RefreshPlugins (1ms)
				BeforeProcessingInitializeOnLoad (68ms)
				ProcessInitializeOnLoadAttributes (283ms)
				ProcessInitializeOnLoadMethodAttributes (52ms)
				AfterProcessingInitializeOnLoad (2ms)
				EditorAssembliesLoaded (0ms)
			ExecutionOrderSort2 (0ms)
			AwakeInstancesAfterBackupRestoration (10ms)
Platform modules already initialized, skipping
Refreshing native plugins compatible for Editor in 7.10 ms, found 19 plugins.
Preloading 0 native plugins for Editor in 0.00 ms.
Unloading 4273 Unused Serialized files (Serialized files now loaded: 0)
Unloading 95 unused Assets / (2.4 MB). Loaded Objects now: 4842.
Memory consumption went from 171.9 MB to 169.6 MB.
Total: 4.135600 ms (FindLiveObjects: 0.296800 ms CreateObjectMapping: 0.189400 ms MarkObjects: 2.908400 ms  DeleteObjects: 0.740400 ms)

AssetImportParameters requested are different than current active one (requested -> active):
  custom:video-decoder-ogg-theora: a1e56fd34408186e4bbccfd4996cb3dc -> 
  custom:container-muxer-webm: aa71ff27fc2769a1b78a27578f13a17b -> 
  custom:container-demuxer-webm: 4f35f7cbe854078d1ac9338744f61a02 -> 
  custom:video-encoder-webm-vp8: eb34c28f22e8b96e1ab97ce403110664 -> 
  custom:audio-encoder-webm-vorbis: bf7c407c2cedff20999df2af8eb42d56 -> 
  custom:framework-win-MediaFoundation: 216162199b28c13a410421893ffa2e32 -> 
  custom:container-demuxer-ogg: 62fdf1f143b41e24485cea50d1cbac27 -> 
  custom:video-decoder-webm-vp8: 9c59270c3fd7afecdb556c50c9e8de78 -> 
  custom:audio-decoder-ogg-vorbis: bf7c407c2cedff20999df2af8eb42d56 -> 
========================================================================
Received Prepare
Refreshing native plugins compatible for Editor in 12.79 ms, found 19 plugins.
Preloading 0 native plugins for Editor in 0.00 ms.
Unloading 95 Unused Serialized files (Serialized files now loaded: 0)
Unloading 95 unused Assets / (2.4 MB). Loaded Objects now: 4842.
Memory consumption went from 87.9 MB to 85.5 MB.
Total: 5.327500 ms (FindLiveObjects: 0.328100 ms CreateObjectMapping: 0.290500 ms MarkObjects: 2.746400 ms  DeleteObjects: 1.961500 ms)

AssetImportParameters requested are different than current active one (requested -> active):
  custom:video-decoder-ogg-theora: a1e56fd34408186e4bbccfd4996cb3dc -> 
  custom:container-muxer-webm: aa71ff27fc2769a1b78a27578f13a17b -> 
  custom:container-demuxer-webm: 4f35f7cbe854078d1ac9338744f61a02 -> 
  custom:video-encoder-webm-vp8: eb34c28f22e8b96e1ab97ce403110664 -> 
  custom:audio-encoder-webm-vorbis: bf7c407c2cedff20999df2af8eb42d56 -> 
  custom:framework-win-MediaFoundation: 216162199b28c13a410421893ffa2e32 -> 
  custom:container-demuxer-ogg: 62fdf1f143b41e24485cea50d1cbac27 -> 
  custom:video-decoder-webm-vp8: 9c59270c3fd7afecdb556c50c9e8de78 -> 
  custom:audio-decoder-ogg-vorbis: bf7c407c2cedff20999df2af8eb42d56 -> 
========================================================================
Received Prepare
Registering precompiled user dll's ...
Registered in 0.009227 seconds.
Begin MonoManager ReloadAssembly
Native extension for UWP target not found
Native extension for WindowsStandalone target not found
Refreshing native plugins compatible for Editor in 1.15 ms, found 19 plugins.
Preloading 0 native plugins for Editor in 0.00 ms.
Mono: successfully reloaded assembly
- Completed reload, in  0.994 seconds
Domain Reload Profiling:
	ReloadAssembly (995ms)
		BeginReloadAssembly (120ms)
			ExecutionOrderSort (0ms)
			DisableScriptedObjects (4ms)
			BackupInstance (0ms)
			ReleaseScriptingObjects (0ms)
			CreateAndSetChildDomain (32ms)
		EndReloadAssembly (788ms)
			LoadAssemblies (86ms)
			RebuildTransferFunctionScriptingTraits (0ms)
			SetupTypeCache (195ms)
			ReleaseScriptCaches (1ms)
			RebuildScriptCaches (35ms)
			SetupLoadedEditorAssemblies (406ms)
				LogAssemblyErrors (0ms)
				InitializePlatformSupportModulesInManaged (10ms)
				SetLoadedEditorAssemblies (0ms)
				RefreshPlugins (1ms)
				BeforeProcessingInitializeOnLoad (63ms)
				ProcessInitializeOnLoadAttributes (280ms)
				ProcessInitializeOnLoadMethodAttributes (49ms)
				AfterProcessingInitializeOnLoad (2ms)
				EditorAssembliesLoaded (0ms)
			ExecutionOrderSort2 (0ms)
			AwakeInstancesAfterBackupRestoration (10ms)
Platform modules already initialized, skipping
Refreshing native plugins compatible for Editor in 10.25 ms, found 19 plugins.
Preloading 0 native plugins for Editor in 0.00 ms.
Unloading 4273 Unused Serialized files (Serialized files now loaded: 0)
Unloading 95 unused Assets / (2.4 MB). Loaded Objects now: 4846.
Memory consumption went from 171.9 MB to 169.6 MB.
Total: 4.019500 ms (FindLiveObjects: 0.299100 ms CreateObjectMapping: 0.176900 ms MarkObjects: 2.871700 ms  DeleteObjects: 0.671300 ms)

AssetImportParameters requested are different than current active one (requested -> active):
  custom:video-decoder-ogg-theora: a1e56fd34408186e4bbccfd4996cb3dc -> 
  custom:container-muxer-webm: aa71ff27fc2769a1b78a27578f13a17b -> 
  custom:container-demuxer-webm: 4f35f7cbe854078d1ac9338744f61a02 -> 
  custom:video-encoder-webm-vp8: eb34c28f22e8b96e1ab97ce403110664 -> 
  custom:audio-encoder-webm-vorbis: bf7c407c2cedff20999df2af8eb42d56 -> 
  custom:framework-win-MediaFoundation: 216162199b28c13a410421893ffa2e32 -> 
  custom:container-demuxer-ogg: 62fdf1f143b41e24485cea50d1cbac27 -> 
  custom:video-decoder-webm-vp8: 9c59270c3fd7afecdb556c50c9e8de78 -> 
  custom:audio-decoder-ogg-vorbis: bf7c407c2cedff20999df2af8eb42d56 -> 
========================================================================
Received Prepare
Refreshing native plugins compatible for Editor in 14.55 ms, found 19 plugins.
Preloading 0 native plugins for Editor in 0.00 ms.
Unloading 95 Unused Serialized files (Serialized files now loaded: 0)
Unloading 95 unused Assets / (2.3 MB). Loaded Objects now: 4846.
Memory consumption went from 87.8 MB to 85.5 MB.
Total: 4.767000 ms (FindLiveObjects: 0.320200 ms CreateObjectMapping: 0.219700 ms MarkObjects: 3.383300 ms  DeleteObjects: 0.843200 ms)

AssetImportParameters requested are different than current active one (requested -> active):
  custom:video-decoder-ogg-theora: a1e56fd34408186e4bbccfd4996cb3dc -> 
  custom:container-muxer-webm: aa71ff27fc2769a1b78a27578f13a17b -> 
  custom:container-demuxer-webm: 4f35f7cbe854078d1ac9338744f61a02 -> 
  custom:video-encoder-webm-vp8: eb34c28f22e8b96e1ab97ce403110664 -> 
  custom:audio-encoder-webm-vorbis: bf7c407c2cedff20999df2af8eb42d56 -> 
  custom:framework-win-MediaFoundation: 216162199b28c13a410421893ffa2e32 -> 
  custom:container-demuxer-ogg: 62fdf1f143b41e24485cea50d1cbac27 -> 
  custom:video-decoder-webm-vp8: 9c59270c3fd7afecdb556c50c9e8de78 -> 
  custom:audio-decoder-ogg-vorbis: bf7c407c2cedff20999df2af8eb42d56 -> 
========================================================================
Received Prepare
Registering precompiled user dll's ...
Registered in 0.010068 seconds.
Begin MonoManager ReloadAssembly
Native extension for UWP target not found
Native extension for WindowsStandalone target not found
Refreshing native plugins compatible for Editor in 1.16 ms, found 19 plugins.
Preloading 0 native plugins for Editor in 0.00 ms.
Mono: successfully reloaded assembly
- Completed reload, in  1.005 seconds
Domain Reload Profiling:
	ReloadAssembly (1005ms)
		BeginReloadAssembly (104ms)
			ExecutionOrderSort (0ms)
			DisableScriptedObjects (4ms)
			BackupInstance (0ms)
			ReleaseScriptingObjects (0ms)
			CreateAndSetChildDomain (28ms)
		EndReloadAssembly (823ms)
			LoadAssemblies (68ms)
			RebuildTransferFunctionScriptingTraits (0ms)
			SetupTypeCache (236ms)
			ReleaseScriptCaches (1ms)
			RebuildScriptCaches (35ms)
			SetupLoadedEditorAssemblies (404ms)
				LogAssemblyErrors (0ms)
				InitializePlatformSupportModulesInManaged (10ms)
				SetLoadedEditorAssemblies (0ms)
				RefreshPlugins (1ms)
				BeforeProcessingInitializeOnLoad (65ms)
				ProcessInitializeOnLoadAttributes (278ms)
				ProcessInitializeOnLoadMethodAttributes (46ms)
				AfterProcessingInitializeOnLoad (3ms)
				EditorAssembliesLoaded (0ms)
			ExecutionOrderSort2 (0ms)
			AwakeInstancesAfterBackupRestoration (12ms)
Platform modules already initialized, skipping
Refreshing native plugins compatible for Editor in 9.28 ms, found 19 plugins.
Preloading 0 native plugins for Editor in 0.00 ms.
Unloading 4273 Unused Serialized files (Serialized files now loaded: 0)
Unloading 95 unused Assets / (2.3 MB). Loaded Objects now: 4850.
Memory consumption went from 171.9 MB to 169.6 MB.
Total: 5.639600 ms (FindLiveObjects: 0.453600 ms CreateObjectMapping: 0.423300 ms MarkObjects: 3.611600 ms  DeleteObjects: 1.150000 ms)

AssetImportParameters requested are different than current active one (requested -> active):
  custom:video-decoder-ogg-theora: a1e56fd34408186e4bbccfd4996cb3dc -> 
  custom:container-muxer-webm: aa71ff27fc2769a1b78a27578f13a17b -> 
  custom:container-demuxer-webm: 4f35f7cbe854078d1ac9338744f61a02 -> 
  custom:video-encoder-webm-vp8: eb34c28f22e8b96e1ab97ce403110664 -> 
  custom:audio-encoder-webm-vorbis: bf7c407c2cedff20999df2af8eb42d56 -> 
  custom:framework-win-MediaFoundation: 216162199b28c13a410421893ffa2e32 -> 
  custom:container-demuxer-ogg: 62fdf1f143b41e24485cea50d1cbac27 -> 
  custom:video-decoder-webm-vp8: 9c59270c3fd7afecdb556c50c9e8de78 -> 
  custom:audio-decoder-ogg-vorbis: bf7c407c2cedff20999df2af8eb42d56 -> 
========================================================================
Received Prepare
Registering precompiled user dll's ...
Registered in 0.008742 seconds.
Begin MonoManager ReloadAssembly
Native extension for UWP target not found
Native extension for WindowsStandalone target not found
Refreshing native plugins compatible for Editor in 1.14 ms, found 19 plugins.
Preloading 0 native plugins for Editor in 0.00 ms.
Mono: successfully reloaded assembly
- Completed reload, in  0.989 seconds
Domain Reload Profiling:
	ReloadAssembly (989ms)
		BeginReloadAssembly (101ms)
			ExecutionOrderSort (0ms)
			DisableScriptedObjects (4ms)
			BackupInstance (0ms)
			ReleaseScriptingObjects (0ms)
			CreateAndSetChildDomain (28ms)
		EndReloadAssembly (813ms)
			LoadAssemblies (66ms)
			RebuildTransferFunctionScriptingTraits (0ms)
			SetupTypeCache (205ms)
			ReleaseScriptCaches (1ms)
			RebuildScriptCaches (38ms)
			SetupLoadedEditorAssemblies (424ms)
				LogAssemblyErrors (0ms)
				InitializePlatformSupportModulesInManaged (10ms)
				SetLoadedEditorAssemblies (0ms)
				RefreshPlugins (1ms)
				BeforeProcessingInitializeOnLoad (63ms)
				ProcessInitializeOnLoadAttributes (295ms)
				ProcessInitializeOnLoadMethodAttributes (52ms)
				AfterProcessingInitializeOnLoad (2ms)
				EditorAssembliesLoaded (0ms)
			ExecutionOrderSort2 (0ms)
			AwakeInstancesAfterBackupRestoration (11ms)
Platform modules already initialized, skipping
Refreshing native plugins compatible for Editor in 6.91 ms, found 19 plugins.
Preloading 0 native plugins for Editor in 0.00 ms.
Unloading 4273 Unused Serialized files (Serialized files now loaded: 0)
Unloading 95 unused Assets / (2.3 MB). Loaded Objects now: 4854.
Memory consumption went from 171.9 MB to 169.6 MB.
Total: 4.007500 ms (FindLiveObjects: 0.291200 ms CreateObjectMapping: 0.182200 ms MarkObjects: 2.884200 ms  DeleteObjects: 0.649200 ms)

AssetImportParameters requested are different than current active one (requested -> active):
  custom:video-decoder-ogg-theora: a1e56fd34408186e4bbccfd4996cb3dc -> 
  custom:container-muxer-webm: aa71ff27fc2769a1b78a27578f13a17b -> 
  custom:container-demuxer-webm: 4f35f7cbe854078d1ac9338744f61a02 -> 
  custom:video-encoder-webm-vp8: eb34c28f22e8b96e1ab97ce403110664 -> 
  custom:audio-encoder-webm-vorbis: bf7c407c2cedff20999df2af8eb42d56 -> 
  custom:framework-win-MediaFoundation: 216162199b28c13a410421893ffa2e32 -> 
  custom:container-demuxer-ogg: 62fdf1f143b41e24485cea50d1cbac27 -> 
  custom:video-decoder-webm-vp8: 9c59270c3fd7afecdb556c50c9e8de78 -> 
  custom:audio-decoder-ogg-vorbis: bf7c407c2cedff20999df2af8eb42d56 -> 
========================================================================
Received Prepare
Refreshing native plugins compatible for Editor in 15.33 ms, found 19 plugins.
Preloading 0 native plugins for Editor in 0.00 ms.
Unloading 95 Unused Serialized files (Serialized files now loaded: 0)
Unloading 95 unused Assets / (2.3 MB). Loaded Objects now: 4854.
Memory consumption went from 87.8 MB to 85.5 MB.
Total: 3.623400 ms (FindLiveObjects: 0.302800 ms CreateObjectMapping: 0.231700 ms MarkObjects: 2.372000 ms  DeleteObjects: 0.716200 ms)

AssetImportParameters requested are different than current active one (requested -> active):
  custom:video-decoder-ogg-theora: a1e56fd34408186e4bbccfd4996cb3dc -> 
  custom:container-muxer-webm: aa71ff27fc2769a1b78a27578f13a17b -> 
  custom:container-demuxer-webm: 4f35f7cbe854078d1ac9338744f61a02 -> 
  custom:video-encoder-webm-vp8: eb34c28f22e8b96e1ab97ce403110664 -> 
  custom:audio-encoder-webm-vorbis: bf7c407c2cedff20999df2af8eb42d56 -> 
  custom:framework-win-MediaFoundation: 216162199b28c13a410421893ffa2e32 -> 
  custom:container-demuxer-ogg: 62fdf1f143b41e24485cea50d1cbac27 -> 
  custom:video-decoder-webm-vp8: 9c59270c3fd7afecdb556c50c9e8de78 -> 
  custom:audio-decoder-ogg-vorbis: bf7c407c2cedff20999df2af8eb42d56 -> 
========================================================================
Received Prepare
Registering precompiled user dll's ...
Registered in 0.013796 seconds.
Begin MonoManager ReloadAssembly
Native extension for UWP target not found
Native extension for WindowsStandalone target not found
Refreshing native plugins compatible for Editor in 1.13 ms, found 19 plugins.
Preloading 0 native plugins for Editor in 0.00 ms.
Mono: successfully reloaded assembly
- Completed reload, in  0.982 seconds
Domain Reload Profiling:
	ReloadAssembly (982ms)
		BeginReloadAssembly (112ms)
			ExecutionOrderSort (0ms)
			DisableScriptedObjects (5ms)
			BackupInstance (0ms)
			ReleaseScriptingObjects (0ms)
			CreateAndSetChildDomain (32ms)
		EndReloadAssembly (788ms)
			LoadAssemblies (75ms)
			RebuildTransferFunctionScriptingTraits (0ms)
			SetupTypeCache (197ms)
			ReleaseScriptCaches (1ms)
			RebuildScriptCaches (37ms)
			SetupLoadedEditorAssemblies (399ms)
				LogAssemblyErrors (0ms)
				InitializePlatformSupportModulesInManaged (10ms)
				SetLoadedEditorAssemblies (0ms)
				RefreshPlugins (1ms)
				BeforeProcessingInitializeOnLoad (65ms)
				ProcessInitializeOnLoadAttributes (271ms)
				ProcessInitializeOnLoadMethodAttributes (49ms)
				AfterProcessingInitializeOnLoad (2ms)
				EditorAssembliesLoaded (0ms)
			ExecutionOrderSort2 (0ms)
			AwakeInstancesAfterBackupRestoration (12ms)
Platform modules already initialized, skipping
Refreshing native plugins compatible for Editor in 8.60 ms, found 19 plugins.
Preloading 0 native plugins for Editor in 0.00 ms.
Unloading 4273 Unused Serialized files (Serialized files now loaded: 0)
Unloading 95 unused Assets / (2.3 MB). Loaded Objects now: 4858.
Memory consumption went from 171.9 MB to 169.6 MB.
Total: 4.091400 ms (FindLiveObjects: 0.386400 ms CreateObjectMapping: 0.308600 ms MarkObjects: 2.610500 ms  DeleteObjects: 0.785100 ms)

AssetImportParameters requested are different than current active one (requested -> active):
  custom:video-decoder-ogg-theora: a1e56fd34408186e4bbccfd4996cb3dc -> 
  custom:container-muxer-webm: aa71ff27fc2769a1b78a27578f13a17b -> 
  custom:container-demuxer-webm: 4f35f7cbe854078d1ac9338744f61a02 -> 
  custom:video-encoder-webm-vp8: eb34c28f22e8b96e1ab97ce403110664 -> 
  custom:audio-encoder-webm-vorbis: bf7c407c2cedff20999df2af8eb42d56 -> 
  custom:framework-win-MediaFoundation: 216162199b28c13a410421893ffa2e32 -> 
  custom:container-demuxer-ogg: 62fdf1f143b41e24485cea50d1cbac27 -> 
  custom:video-decoder-webm-vp8: 9c59270c3fd7afecdb556c50c9e8de78 -> 
  custom:audio-decoder-ogg-vorbis: bf7c407c2cedff20999df2af8eb42d56 -> 
========================================================================
Received Import Request.
  Time since last request: 4409.537267 seconds.
  path: Assets/Prefabs/NetMQManager.prefab
  artifactKey: Guid(480b85876f38a2043baa16be4f66adec) Importer(815301076,1909f56bfc062723c751e8b465ee728b)
Start importing Assets/Prefabs/NetMQManager.prefab using Guid(480b85876f38a2043baa16be4f66adec) Importer(815301076,1909f56bfc062723c751e8b465ee728b)  -> (artifact id: '4cf35637909c9bd430a3dbe9c7aeb41a') in 0.229238 seconds 
========================================================================
Received Import Request.
  Time since last request: 0.000021 seconds.
  path: Assets/Prefabs/SubNode.prefab
  artifactKey: Guid(36953faad8e61f440875d99f2c775f43) Importer(815301076,1909f56bfc062723c751e8b465ee728b)
Start importing Assets/Prefabs/SubNode.prefab using Guid(36953faad8e61f440875d99f2c775f43) Importer(815301076,1909f56bfc062723c751e8b465ee728b)  -> (artifact id: 'e75fe0dd5dc04d313f34c3d0297525b9') in 0.075373 seconds 
========================================================================
Received Import Request.
  Time since last request: 2.747329 seconds.
  path: Assets/Resources/Prefabs/Anatomy.prefab
  artifactKey: Guid(26c97b5761244ef48a27885412605a24) Importer(815301076,1909f56bfc062723c751e8b465ee728b)
Start importing Assets/Resources/Prefabs/Anatomy.prefab using Guid(26c97b5761244ef48a27885412605a24) Importer(815301076,1909f56bfc062723c751e8b465ee728b)  -> (artifact id: 'fb7a41ad96ff768ff03f72fc8293f458') in 0.102950 seconds 
========================================================================
Received Import Request.
  Time since last request: 0.000018 seconds.
  path: Assets/Resources/Prefabs/Probe.prefab
  artifactKey: Guid(f27199cf79b14f04683a162bc59c27e9) Importer(815301076,1909f56bfc062723c751e8b465ee728b)
Start importing Assets/Resources/Prefabs/Probe.prefab using Guid(f27199cf79b14f04683a162bc59c27e9) Importer(815301076,1909f56bfc062723c751e8b465ee728b)  -> (artifact id: '829d236b26de3520f6f431c483622953') in 0.012673 seconds 
========================================================================
Received Import Request.
  Time since last request: 0.000013 seconds.
  path: Assets/Resources/Prefabs/StaticRef.prefab
  artifactKey: Guid(9cc0d3661401e324c85544a0d61fd71a) Importer(815301076,1909f56bfc062723c751e8b465ee728b)
Start importing Assets/Resources/Prefabs/StaticRef.prefab using Guid(9cc0d3661401e324c85544a0d61fd71a) Importer(815301076,1909f56bfc062723c751e8b465ee728b)  -> (artifact id: 'e75e4bf6d054b578307c48c4c5be48f8') in 0.014848 seconds 
========================================================================
Received Import Request.
  Time since last request: 0.000014 seconds.
  path: Assets/Resources/Prefabs/tool_1.prefab
  artifactKey: Guid(efef412d978ef3644bd153cad131513d) Importer(815301076,1909f56bfc062723c751e8b465ee728b)
Start importing Assets/Resources/Prefabs/tool_1.prefab using Guid(efef412d978ef3644bd153cad131513d) Importer(815301076,1909f56bfc062723c751e8b465ee728b)  -> (artifact id: '126f2e4a9233165e7649b964d917e278') in 0.012532 seconds 
========================================================================
Received Prepare
Registering precompiled user dll's ...
Registered in 0.009099 seconds.
Begin MonoManager ReloadAssembly
Native extension for UWP target not found
Native extension for WindowsStandalone target not found
Refreshing native plugins compatible for Editor in 1.14 ms, found 19 plugins.
Preloading 0 native plugins for Editor in 0.00 ms.
Mono: successfully reloaded assembly
- Completed reload, in  1.022 seconds
Domain Reload Profiling:
	ReloadAssembly (1022ms)
		BeginReloadAssembly (116ms)
			ExecutionOrderSort (0ms)
			DisableScriptedObjects (4ms)
			BackupInstance (0ms)
			ReleaseScriptingObjects (0ms)
			CreateAndSetChildDomain (37ms)
		EndReloadAssembly (819ms)
			LoadAssemblies (74ms)
			RebuildTransferFunctionScriptingTraits (0ms)
			SetupTypeCache (205ms)
			ReleaseScriptCaches (1ms)
			RebuildScriptCaches (49ms)
			SetupLoadedEditorAssemblies (415ms)
				LogAssemblyErrors (0ms)
				InitializePlatformSupportModulesInManaged (11ms)
				SetLoadedEditorAssemblies (0ms)
				RefreshPlugins (1ms)
				BeforeProcessingInitializeOnLoad (68ms)
				ProcessInitializeOnLoadAttributes (286ms)
				ProcessInitializeOnLoadMethodAttributes (46ms)
				AfterProcessingInitializeOnLoad (2ms)
				EditorAssembliesLoaded (0ms)
			ExecutionOrderSort2 (0ms)
			AwakeInstancesAfterBackupRestoration (11ms)
Platform modules already initialized, skipping
Refreshing native plugins compatible for Editor in 7.07 ms, found 19 plugins.
Preloading 0 native plugins for Editor in 0.00 ms.
Unloading 4273 Unused Serialized files (Serialized files now loaded: 0)
Unloading 97 unused Assets / (2.3 MB). Loaded Objects now: 4874.
Memory consumption went from 176.6 MB to 174.3 MB.
Total: 4.102000 ms (FindLiveObjects: 0.302000 ms CreateObjectMapping: 0.203200 ms MarkObjects: 2.929500 ms  DeleteObjects: 0.666500 ms)

AssetImportParameters requested are different than current active one (requested -> active):
  custom:video-decoder-ogg-theora: a1e56fd34408186e4bbccfd4996cb3dc -> 
  custom:container-muxer-webm: aa71ff27fc2769a1b78a27578f13a17b -> 
  custom:container-demuxer-webm: 4f35f7cbe854078d1ac9338744f61a02 -> 
  custom:video-encoder-webm-vp8: eb34c28f22e8b96e1ab97ce403110664 -> 
  custom:audio-encoder-webm-vorbis: bf7c407c2cedff20999df2af8eb42d56 -> 
  custom:framework-win-MediaFoundation: 216162199b28c13a410421893ffa2e32 -> 
  custom:container-demuxer-ogg: 62fdf1f143b41e24485cea50d1cbac27 -> 
  custom:video-decoder-webm-vp8: 9c59270c3fd7afecdb556c50c9e8de78 -> 
  custom:audio-decoder-ogg-vorbis: bf7c407c2cedff20999df2af8eb42d56 -> 
========================================================================
Received Prepare
Registering precompiled user dll's ...
Registered in 0.009297 seconds.
Begin MonoManager ReloadAssembly
Native extension for UWP target not found
Native extension for WindowsStandalone target not found
Refreshing native plugins compatible for Editor in 1.15 ms, found 19 plugins.
Preloading 0 native plugins for Editor in 0.00 ms.
Mono: successfully reloaded assembly
- Completed reload, in  0.995 seconds
Domain Reload Profiling:
	ReloadAssembly (996ms)
		BeginReloadAssembly (109ms)
			ExecutionOrderSort (0ms)
			DisableScriptedObjects (4ms)
			BackupInstance (0ms)
			ReleaseScriptingObjects (0ms)
			CreateAndSetChildDomain (30ms)
		EndReloadAssembly (794ms)
			LoadAssemblies (67ms)
			RebuildTransferFunctionScriptingTraits (0ms)
			SetupTypeCache (201ms)
			ReleaseScriptCaches (1ms)
			RebuildScriptCaches (39ms)
			SetupLoadedEditorAssemblies (407ms)
				LogAssemblyErrors (0ms)
				InitializePlatformSupportModulesInManaged (10ms)
				SetLoadedEditorAssemblies (0ms)
				RefreshPlugins (1ms)
				BeforeProcessingInitializeOnLoad (69ms)
				ProcessInitializeOnLoadAttributes (271ms)
				ProcessInitializeOnLoadMethodAttributes (53ms)
				AfterProcessingInitializeOnLoad (2ms)
				EditorAssembliesLoaded (0ms)
			ExecutionOrderSort2 (0ms)
			AwakeInstancesAfterBackupRestoration (11ms)
Platform modules already initialized, skipping
Refreshing native plugins compatible for Editor in 7.02 ms, found 19 plugins.
Preloading 0 native plugins for Editor in 0.00 ms.
Unloading 4273 Unused Serialized files (Serialized files now loaded: 0)
Unloading 95 unused Assets / (2.4 MB). Loaded Objects now: 4878.
Memory consumption went from 176.7 MB to 174.3 MB.
Total: 3.933100 ms (FindLiveObjects: 0.315200 ms CreateObjectMapping: 0.199800 ms MarkObjects: 2.692200 ms  DeleteObjects: 0.725000 ms)

AssetImportParameters requested are different than current active one (requested -> active):
  custom:video-decoder-ogg-theora: a1e56fd34408186e4bbccfd4996cb3dc -> 
  custom:container-muxer-webm: aa71ff27fc2769a1b78a27578f13a17b -> 
  custom:container-demuxer-webm: 4f35f7cbe854078d1ac9338744f61a02 -> 
  custom:video-encoder-webm-vp8: eb34c28f22e8b96e1ab97ce403110664 -> 
  custom:audio-encoder-webm-vorbis: bf7c407c2cedff20999df2af8eb42d56 -> 
  custom:framework-win-MediaFoundation: 216162199b28c13a410421893ffa2e32 -> 
  custom:container-demuxer-ogg: 62fdf1f143b41e24485cea50d1cbac27 -> 
  custom:video-decoder-webm-vp8: 9c59270c3fd7afecdb556c50c9e8de78 -> 
  custom:audio-decoder-ogg-vorbis: bf7c407c2cedff20999df2af8eb42d56 -> 
========================================================================
Received Import Request.
  Time since last request: 414.351167 seconds.
  path: Assets/Scripts/ZMQ/ZMQSubscriber.cs
  artifactKey: Guid(fd39cf87cefe2cf49a88ce1a9c93945d) Importer(815301076,1909f56bfc062723c751e8b465ee728b)
Start importing Assets/Scripts/ZMQ/ZMQSubscriber.cs using Guid(fd39cf87cefe2cf49a88ce1a9c93945d) Importer(815301076,1909f56bfc062723c751e8b465ee728b)  -> (artifact id: '9901827a43c4488c650ebd584a2294a9') in 0.011039 seconds 
========================================================================
Received Prepare
Registering precompiled user dll's ...
Registered in 0.009136 seconds.
Begin MonoManager ReloadAssembly
Native extension for UWP target not found
Native extension for WindowsStandalone target not found
Refreshing native plugins compatible for Editor in 1.45 ms, found 19 plugins.
Preloading 0 native plugins for Editor in 0.00 ms.
Mono: successfully reloaded assembly
- Completed reload, in  0.999 seconds
Domain Reload Profiling:
	ReloadAssembly (1000ms)
		BeginReloadAssembly (107ms)
			ExecutionOrderSort (0ms)
			DisableScriptedObjects (4ms)
			BackupInstance (0ms)
			ReleaseScriptingObjects (0ms)
			CreateAndSetChildDomain (33ms)
		EndReloadAssembly (811ms)
			LoadAssemblies (73ms)
			RebuildTransferFunctionScriptingTraits (0ms)
			SetupTypeCache (215ms)
			ReleaseScriptCaches (1ms)
			RebuildScriptCaches (36ms)
			SetupLoadedEditorAssemblies (410ms)
				LogAssemblyErrors (0ms)
				InitializePlatformSupportModulesInManaged (13ms)
				SetLoadedEditorAssemblies (0ms)
				RefreshPlugins (1ms)
				BeforeProcessingInitializeOnLoad (63ms)
				ProcessInitializeOnLoadAttributes (272ms)
				ProcessInitializeOnLoadMethodAttributes (56ms)
				AfterProcessingInitializeOnLoad (3ms)
				EditorAssembliesLoaded (0ms)
			ExecutionOrderSort2 (0ms)
			AwakeInstancesAfterBackupRestoration (11ms)
Platform modules already initialized, skipping
Refreshing native plugins compatible for Editor in 7.02 ms, found 19 plugins.
Preloading 0 native plugins for Editor in 0.00 ms.
Unloading 4273 Unused Serialized files (Serialized files now loaded: 0)
Unloading 95 unused Assets / (2.3 MB). Loaded Objects now: 4882.
Memory consumption went from 176.6 MB to 174.3 MB.
Total: 4.069700 ms (FindLiveObjects: 0.315900 ms CreateObjectMapping: 0.211400 ms MarkObjects: 2.827000 ms  DeleteObjects: 0.714600 ms)

AssetImportParameters requested are different than current active one (requested -> active):
  custom:video-decoder-ogg-theora: a1e56fd34408186e4bbccfd4996cb3dc -> 
  custom:container-muxer-webm: aa71ff27fc2769a1b78a27578f13a17b -> 
  custom:container-demuxer-webm: 4f35f7cbe854078d1ac9338744f61a02 -> 
  custom:video-encoder-webm-vp8: eb34c28f22e8b96e1ab97ce403110664 -> 
  custom:audio-encoder-webm-vorbis: bf7c407c2cedff20999df2af8eb42d56 -> 
  custom:framework-win-MediaFoundation: 216162199b28c13a410421893ffa2e32 -> 
  custom:container-demuxer-ogg: 62fdf1f143b41e24485cea50d1cbac27 -> 
  custom:video-decoder-webm-vp8: 9c59270c3fd7afecdb556c50c9e8de78 -> 
  custom:audio-decoder-ogg-vorbis: bf7c407c2cedff20999df2af8eb42d56 -> 
========================================================================
Received Prepare
Registering precompiled user dll's ...
Registered in 0.008720 seconds.
Begin MonoManager ReloadAssembly
Native extension for UWP target not found
Native extension for WindowsStandalone target not found
Refreshing native plugins compatible for Editor in 1.16 ms, found 19 plugins.
Preloading 0 native plugins for Editor in 0.00 ms.
Mono: successfully reloaded assembly
- Completed reload, in  0.982 seconds
Domain Reload Profiling:
	ReloadAssembly (983ms)
		BeginReloadAssembly (105ms)
			ExecutionOrderSort (0ms)
			DisableScriptedObjects (4ms)
			BackupInstance (0ms)
			ReleaseScriptingObjects (0ms)
			CreateAndSetChildDomain (31ms)
		EndReloadAssembly (797ms)
			LoadAssemblies (75ms)
			RebuildTransferFunctionScriptingTraits (0ms)
			SetupTypeCache (209ms)
			ReleaseScriptCaches (1ms)
			RebuildScriptCaches (43ms)
			SetupLoadedEditorAssemblies (391ms)
				LogAssemblyErrors (0ms)
				InitializePlatformSupportModulesInManaged (10ms)
				SetLoadedEditorAssemblies (0ms)
				RefreshPlugins (1ms)
				BeforeProcessingInitializeOnLoad (65ms)
				ProcessInitializeOnLoadAttributes (268ms)
				ProcessInitializeOnLoadMethodAttributes (45ms)
				AfterProcessingInitializeOnLoad (2ms)
				EditorAssembliesLoaded (0ms)
			ExecutionOrderSort2 (0ms)
			AwakeInstancesAfterBackupRestoration (10ms)
Platform modules already initialized, skipping
Refreshing native plugins compatible for Editor in 6.99 ms, found 19 plugins.
Preloading 0 native plugins for Editor in 0.00 ms.
Unloading 4273 Unused Serialized files (Serialized files now loaded: 0)
Unloading 95 unused Assets / (2.4 MB). Loaded Objects now: 4886.
Memory consumption went from 176.7 MB to 174.3 MB.
Total: 4.122600 ms (FindLiveObjects: 0.307500 ms CreateObjectMapping: 0.214300 ms MarkObjects: 2.894900 ms  DeleteObjects: 0.705300 ms)

AssetImportParameters requested are different than current active one (requested -> active):
  custom:video-decoder-ogg-theora: a1e56fd34408186e4bbccfd4996cb3dc -> 
  custom:container-muxer-webm: aa71ff27fc2769a1b78a27578f13a17b -> 
  custom:container-demuxer-webm: 4f35f7cbe854078d1ac9338744f61a02 -> 
  custom:video-encoder-webm-vp8: eb34c28f22e8b96e1ab97ce403110664 -> 
  custom:audio-encoder-webm-vorbis: bf7c407c2cedff20999df2af8eb42d56 -> 
  custom:framework-win-MediaFoundation: 216162199b28c13a410421893ffa2e32 -> 
  custom:container-demuxer-ogg: 62fdf1f143b41e24485cea50d1cbac27 -> 
  custom:video-decoder-webm-vp8: 9c59270c3fd7afecdb556c50c9e8de78 -> 
  custom:audio-decoder-ogg-vorbis: bf7c407c2cedff20999df2af8eb42d56 -> 
========================================================================
Received Import Request.
  Time since last request: 129.397515 seconds.
  path: Assets/Scripts/ZMQ/ZMQPublisher.cs
  artifactKey: Guid(725afa06c037e584988b1dfd3092a48b) Importer(815301076,1909f56bfc062723c751e8b465ee728b)
Start importing Assets/Scripts/ZMQ/ZMQPublisher.cs using Guid(725afa06c037e584988b1dfd3092a48b) Importer(815301076,1909f56bfc062723c751e8b465ee728b)  -> (artifact id: 'f975b80b22357aa4bb9bb28509f58c31') in 0.010851 seconds 
========================================================================
Received Prepare
Refreshing native plugins compatible for Editor in 16.70 ms, found 19 plugins.
Preloading 0 native plugins for Editor in 0.00 ms.
Unloading 95 Unused Serialized files (Serialized files now loaded: 0)
Unloading 95 unused Assets / (2.3 MB). Loaded Objects now: 4886.
Memory consumption went from 92.2 MB to 89.9 MB.
Total: 3.732700 ms (FindLiveObjects: 0.306000 ms CreateObjectMapping: 0.227100 ms MarkObjects: 2.474100 ms  DeleteObjects: 0.725100 ms)

AssetImportParameters requested are different than current active one (requested -> active):
  custom:video-decoder-ogg-theora: a1e56fd34408186e4bbccfd4996cb3dc -> 
  custom:container-muxer-webm: aa71ff27fc2769a1b78a27578f13a17b -> 
  custom:container-demuxer-webm: 4f35f7cbe854078d1ac9338744f61a02 -> 
  custom:video-encoder-webm-vp8: eb34c28f22e8b96e1ab97ce403110664 -> 
  custom:audio-encoder-webm-vorbis: bf7c407c2cedff20999df2af8eb42d56 -> 
  custom:framework-win-MediaFoundation: 216162199b28c13a410421893ffa2e32 -> 
  custom:container-demuxer-ogg: 62fdf1f143b41e24485cea50d1cbac27 -> 
  custom:video-decoder-webm-vp8: 9c59270c3fd7afecdb556c50c9e8de78 -> 
  custom:audio-decoder-ogg-vorbis: bf7c407c2cedff20999df2af8eb42d56 -> 
========================================================================
Received Import Request.
  Time since last request: 171.306763 seconds.
  path: Assets/Scripts/ZMQ/ZMQSubscriber.cs
  artifactKey: Guid(fd39cf87cefe2cf49a88ce1a9c93945d) Importer(815301076,1909f56bfc062723c751e8b465ee728b)
Start importing Assets/Scripts/ZMQ/ZMQSubscriber.cs using Guid(fd39cf87cefe2cf49a88ce1a9c93945d) Importer(815301076,1909f56bfc062723c751e8b465ee728b)  -> (artifact id: '0bbc582ab101739d60f6bd0f33b5e849') in 0.001759 seconds 
========================================================================
Received Import Request.
  Time since last request: 1.195973 seconds.
  path: Assets/Scripts/ZMQ/ZMQSubscriberHelper.cs
  artifactKey: Guid(27893ce9160413e4b9f38f52561cb4e8) Importer(815301076,1909f56bfc062723c751e8b465ee728b)
Start importing Assets/Scripts/ZMQ/ZMQSubscriberHelper.cs using Guid(27893ce9160413e4b9f38f52561cb4e8) Importer(815301076,1909f56bfc062723c751e8b465ee728b)  -> (artifact id: '8fe15cabfa1a4b2e891168b017d09f87') in 0.010530 seconds 
========================================================================
Received Prepare
Registering precompiled user dll's ...
Registered in 0.010045 seconds.
Begin MonoManager ReloadAssembly
Native extension for UWP target not found
Native extension for WindowsStandalone target not found
Refreshing native plugins compatible for Editor in 1.16 ms, found 19 plugins.
Preloading 0 native plugins for Editor in 0.00 ms.
Mono: successfully reloaded assembly
- Completed reload, in  1.160 seconds
Domain Reload Profiling:
	ReloadAssembly (1161ms)
		BeginReloadAssembly (137ms)
			ExecutionOrderSort (0ms)
			DisableScriptedObjects (15ms)
			BackupInstance (0ms)
			ReleaseScriptingObjects (0ms)
			CreateAndSetChildDomain (40ms)
		EndReloadAssembly (925ms)
			LoadAssemblies (78ms)
			RebuildTransferFunctionScriptingTraits (0ms)
			SetupTypeCache (265ms)
			ReleaseScriptCaches (1ms)
			RebuildScriptCaches (63ms)
			SetupLoadedEditorAssemblies (418ms)
				LogAssemblyErrors (0ms)
				InitializePlatformSupportModulesInManaged (11ms)
				SetLoadedEditorAssemblies (0ms)
				RefreshPlugins (1ms)
				BeforeProcessingInitializeOnLoad (82ms)
				ProcessInitializeOnLoadAttributes (267ms)
				ProcessInitializeOnLoadMethodAttributes (53ms)
				AfterProcessingInitializeOnLoad (2ms)
				EditorAssembliesLoaded (0ms)
			ExecutionOrderSort2 (0ms)
			AwakeInstancesAfterBackupRestoration (13ms)
Platform modules already initialized, skipping
Refreshing native plugins compatible for Editor in 10.27 ms, found 19 plugins.
Preloading 0 native plugins for Editor in 0.00 ms.
Unloading 4273 Unused Serialized files (Serialized files now loaded: 0)
Unloading 95 unused Assets / (2.4 MB). Loaded Objects now: 4890.
Memory consumption went from 176.7 MB to 174.3 MB.
Total: 4.178500 ms (FindLiveObjects: 0.303200 ms CreateObjectMapping: 0.186300 ms MarkObjects: 2.907600 ms  DeleteObjects: 0.780500 ms)

AssetImportParameters requested are different than current active one (requested -> active):
  custom:video-decoder-ogg-theora: a1e56fd34408186e4bbccfd4996cb3dc -> 
  custom:container-muxer-webm: aa71ff27fc2769a1b78a27578f13a17b -> 
  custom:container-demuxer-webm: 4f35f7cbe854078d1ac9338744f61a02 -> 
  custom:video-encoder-webm-vp8: eb34c28f22e8b96e1ab97ce403110664 -> 
  custom:audio-encoder-webm-vorbis: bf7c407c2cedff20999df2af8eb42d56 -> 
  custom:framework-win-MediaFoundation: 216162199b28c13a410421893ffa2e32 -> 
  custom:container-demuxer-ogg: 62fdf1f143b41e24485cea50d1cbac27 -> 
  custom:video-decoder-webm-vp8: 9c59270c3fd7afecdb556c50c9e8de78 -> 
  custom:audio-decoder-ogg-vorbis: bf7c407c2cedff20999df2af8eb42d56 -> 
========================================================================
Received Prepare
Refreshing native plugins compatible for Editor in 14.20 ms, found 19 plugins.
Preloading 0 native plugins for Editor in 0.00 ms.
Unloading 95 Unused Serialized files (Serialized files now loaded: 0)
Unloading 95 unused Assets / (2.2 MB). Loaded Objects now: 4890.
Memory consumption went from 92.5 MB to 90.3 MB.
Total: 4.037300 ms (FindLiveObjects: 0.302100 ms CreateObjectMapping: 0.242800 ms MarkObjects: 2.655400 ms  DeleteObjects: 0.836600 ms)

AssetImportParameters requested are different than current active one (requested -> active):
  custom:video-decoder-ogg-theora: a1e56fd34408186e4bbccfd4996cb3dc -> 
  custom:container-muxer-webm: aa71ff27fc2769a1b78a27578f13a17b -> 
  custom:container-demuxer-webm: 4f35f7cbe854078d1ac9338744f61a02 -> 
  custom:video-encoder-webm-vp8: eb34c28f22e8b96e1ab97ce403110664 -> 
  custom:audio-encoder-webm-vorbis: bf7c407c2cedff20999df2af8eb42d56 -> 
  custom:framework-win-MediaFoundation: 216162199b28c13a410421893ffa2e32 -> 
  custom:container-demuxer-ogg: 62fdf1f143b41e24485cea50d1cbac27 -> 
  custom:video-decoder-webm-vp8: 9c59270c3fd7afecdb556c50c9e8de78 -> 
  custom:audio-decoder-ogg-vorbis: bf7c407c2cedff20999df2af8eb42d56 -> 
========================================================================
Received Prepare
Registering precompiled user dll's ...
Registered in 0.011243 seconds.
Begin MonoManager ReloadAssembly
Native extension for UWP target not found
Native extension for WindowsStandalone target not found
Refreshing native plugins compatible for Editor in 1.75 ms, found 19 plugins.
Preloading 0 native plugins for Editor in 0.00 ms.
Mono: successfully reloaded assembly
- Completed reload, in  1.006 seconds
Domain Reload Profiling:
	ReloadAssembly (1007ms)
		BeginReloadAssembly (108ms)
			ExecutionOrderSort (0ms)
			DisableScriptedObjects (4ms)
			BackupInstance (0ms)
			ReleaseScriptingObjects (0ms)
			CreateAndSetChildDomain (32ms)
		EndReloadAssembly (814ms)
			LoadAssemblies (68ms)
			RebuildTransferFunctionScriptingTraits (0ms)
			SetupTypeCache (194ms)
			ReleaseScriptCaches (1ms)
			RebuildScriptCaches (41ms)
			SetupLoadedEditorAssemblies (422ms)
				LogAssemblyErrors (0ms)
				InitializePlatformSupportModulesInManaged (11ms)
				SetLoadedEditorAssemblies (1ms)
				RefreshPlugins (2ms)
				BeforeProcessingInitializeOnLoad (70ms)
				ProcessInitializeOnLoadAttributes (284ms)
				ProcessInitializeOnLoadMethodAttributes (51ms)
				AfterProcessingInitializeOnLoad (3ms)
				EditorAssembliesLoaded (0ms)
			ExecutionOrderSort2 (0ms)
			AwakeInstancesAfterBackupRestoration (11ms)
Platform modules already initialized, skipping
Refreshing native plugins compatible for Editor in 7.94 ms, found 19 plugins.
Preloading 0 native plugins for Editor in 0.00 ms.
Unloading 4273 Unused Serialized files (Serialized files now loaded: 0)
Unloading 95 unused Assets / (2.3 MB). Loaded Objects now: 4894.
Memory consumption went from 176.6 MB to 174.3 MB.
Total: 4.165200 ms (FindLiveObjects: 0.308800 ms CreateObjectMapping: 0.198900 ms MarkObjects: 2.965000 ms  DeleteObjects: 0.691600 ms)

AssetImportParameters requested are different than current active one (requested -> active):
  custom:video-decoder-ogg-theora: a1e56fd34408186e4bbccfd4996cb3dc -> 
  custom:container-muxer-webm: aa71ff27fc2769a1b78a27578f13a17b -> 
  custom:container-demuxer-webm: 4f35f7cbe854078d1ac9338744f61a02 -> 
  custom:video-encoder-webm-vp8: eb34c28f22e8b96e1ab97ce403110664 -> 
  custom:audio-encoder-webm-vorbis: bf7c407c2cedff20999df2af8eb42d56 -> 
  custom:framework-win-MediaFoundation: 216162199b28c13a410421893ffa2e32 -> 
  custom:container-demuxer-ogg: 62fdf1f143b41e24485cea50d1cbac27 -> 
  custom:video-decoder-webm-vp8: 9c59270c3fd7afecdb556c50c9e8de78 -> 
  custom:audio-decoder-ogg-vorbis: bf7c407c2cedff20999df2af8eb42d56 -> 
========================================================================
Received Prepare
Refreshing native plugins compatible for Editor in 13.60 ms, found 19 plugins.
Preloading 0 native plugins for Editor in 0.00 ms.
Unloading 95 Unused Serialized files (Serialized files now loaded: 0)
Unloading 95 unused Assets / (2.4 MB). Loaded Objects now: 4894.
Memory consumption went from 92.6 MB to 90.3 MB.
Total: 3.781500 ms (FindLiveObjects: 0.346700 ms CreateObjectMapping: 0.231200 ms MarkObjects: 2.425700 ms  DeleteObjects: 0.777300 ms)

AssetImportParameters requested are different than current active one (requested -> active):
  custom:video-decoder-ogg-theora: a1e56fd34408186e4bbccfd4996cb3dc -> 
  custom:container-muxer-webm: aa71ff27fc2769a1b78a27578f13a17b -> 
  custom:container-demuxer-webm: 4f35f7cbe854078d1ac9338744f61a02 -> 
  custom:video-encoder-webm-vp8: eb34c28f22e8b96e1ab97ce403110664 -> 
  custom:audio-encoder-webm-vorbis: bf7c407c2cedff20999df2af8eb42d56 -> 
  custom:framework-win-MediaFoundation: 216162199b28c13a410421893ffa2e32 -> 
  custom:container-demuxer-ogg: 62fdf1f143b41e24485cea50d1cbac27 -> 
  custom:video-decoder-webm-vp8: 9c59270c3fd7afecdb556c50c9e8de78 -> 
  custom:audio-decoder-ogg-vorbis: bf7c407c2cedff20999df2af8eb42d56 -> 
========================================================================
Received Prepare
Registering precompiled user dll's ...
Registered in 0.008873 seconds.
Begin MonoManager ReloadAssembly
Native extension for UWP target not found
Native extension for WindowsStandalone target not found
Refreshing native plugins compatible for Editor in 1.13 ms, found 19 plugins.
Preloading 0 native plugins for Editor in 0.00 ms.
Mono: successfully reloaded assembly
- Completed reload, in  0.976 seconds
Domain Reload Profiling:
	ReloadAssembly (977ms)
		BeginReloadAssembly (100ms)
			ExecutionOrderSort (0ms)
			DisableScriptedObjects (4ms)
			BackupInstance (0ms)
			ReleaseScriptingObjects (0ms)
			CreateAndSetChildDomain (28ms)
		EndReloadAssembly (789ms)
			LoadAssemblies (68ms)
			RebuildTransferFunctionScriptingTraits (0ms)
			SetupTypeCache (209ms)
			ReleaseScriptCaches (1ms)
			RebuildScriptCaches (35ms)
			SetupLoadedEditorAssemblies (404ms)
				LogAssemblyErrors (0ms)
				InitializePlatformSupportModulesInManaged (10ms)
				SetLoadedEditorAssemblies (0ms)
				RefreshPlugins (1ms)
				BeforeProcessingInitializeOnLoad (65ms)
				ProcessInitializeOnLoadAttributes (277ms)
				ProcessInitializeOnLoadMethodAttributes (47ms)
				AfterProcessingInitializeOnLoad (2ms)
				EditorAssembliesLoaded (0ms)
			ExecutionOrderSort2 (0ms)
			AwakeInstancesAfterBackupRestoration (10ms)
Platform modules already initialized, skipping
Refreshing native plugins compatible for Editor in 8.66 ms, found 19 plugins.
Preloading 0 native plugins for Editor in 0.00 ms.
Unloading 4273 Unused Serialized files (Serialized files now loaded: 0)
Unloading 95 unused Assets / (2.3 MB). Loaded Objects now: 4898.
Memory consumption went from 176.7 MB to 174.3 MB.
Total: 4.022500 ms (FindLiveObjects: 0.398900 ms CreateObjectMapping: 0.229800 ms MarkObjects: 2.647700 ms  DeleteObjects: 0.745500 ms)

AssetImportParameters requested are different than current active one (requested -> active):
  custom:video-decoder-ogg-theora: a1e56fd34408186e4bbccfd4996cb3dc -> 
  custom:container-muxer-webm: aa71ff27fc2769a1b78a27578f13a17b -> 
  custom:container-demuxer-webm: 4f35f7cbe854078d1ac9338744f61a02 -> 
  custom:video-encoder-webm-vp8: eb34c28f22e8b96e1ab97ce403110664 -> 
  custom:audio-encoder-webm-vorbis: bf7c407c2cedff20999df2af8eb42d56 -> 
  custom:framework-win-MediaFoundation: 216162199b28c13a410421893ffa2e32 -> 
  custom:container-demuxer-ogg: 62fdf1f143b41e24485cea50d1cbac27 -> 
  custom:video-decoder-webm-vp8: 9c59270c3fd7afecdb556c50c9e8de78 -> 
  custom:audio-decoder-ogg-vorbis: bf7c407c2cedff20999df2af8eb42d56 -> 
========================================================================
Received Prepare
Registering precompiled user dll's ...
Registered in 0.017184 seconds.
Begin MonoManager ReloadAssembly
Native extension for UWP target not found
Native extension for WindowsStandalone target not found
Refreshing native plugins compatible for Editor in 1.52 ms, found 19 plugins.
Preloading 0 native plugins for Editor in 0.00 ms.
Mono: successfully reloaded assembly
- Completed reload, in  0.974 seconds
Domain Reload Profiling:
	ReloadAssembly (974ms)
		BeginReloadAssembly (104ms)
			ExecutionOrderSort (0ms)
			DisableScriptedObjects (6ms)
			BackupInstance (0ms)
			ReleaseScriptingObjects (0ms)
			CreateAndSetChildDomain (30ms)
		EndReloadAssembly (786ms)
			LoadAssemblies (65ms)
			RebuildTransferFunctionScriptingTraits (0ms)
			SetupTypeCache (203ms)
			ReleaseScriptCaches (1ms)
			RebuildScriptCaches (34ms)
			SetupLoadedEditorAssemblies (397ms)
				LogAssemblyErrors (0ms)
				InitializePlatformSupportModulesInManaged (10ms)
				SetLoadedEditorAssemblies (1ms)
				RefreshPlugins (2ms)
				BeforeProcessingInitializeOnLoad (67ms)
				ProcessInitializeOnLoadAttributes (264ms)
				ProcessInitializeOnLoadMethodAttributes (51ms)
				AfterProcessingInitializeOnLoad (3ms)
				EditorAssembliesLoaded (0ms)
			ExecutionOrderSort2 (0ms)
			AwakeInstancesAfterBackupRestoration (14ms)
Platform modules already initialized, skipping
Refreshing native plugins compatible for Editor in 7.14 ms, found 19 plugins.
Preloading 0 native plugins for Editor in 0.00 ms.
Unloading 4273 Unused Serialized files (Serialized files now loaded: 0)
Unloading 95 unused Assets / (2.3 MB). Loaded Objects now: 4902.
Memory consumption went from 176.7 MB to 174.4 MB.
Total: 3.780100 ms (FindLiveObjects: 0.309400 ms CreateObjectMapping: 0.210400 ms MarkObjects: 2.585800 ms  DeleteObjects: 0.674000 ms)

AssetImportParameters requested are different than current active one (requested -> active):
  custom:video-decoder-ogg-theora: a1e56fd34408186e4bbccfd4996cb3dc -> 
  custom:container-muxer-webm: aa71ff27fc2769a1b78a27578f13a17b -> 
  custom:container-demuxer-webm: 4f35f7cbe854078d1ac9338744f61a02 -> 
  custom:video-encoder-webm-vp8: eb34c28f22e8b96e1ab97ce403110664 -> 
  custom:audio-encoder-webm-vorbis: bf7c407c2cedff20999df2af8eb42d56 -> 
  custom:framework-win-MediaFoundation: 216162199b28c13a410421893ffa2e32 -> 
  custom:container-demuxer-ogg: 62fdf1f143b41e24485cea50d1cbac27 -> 
  custom:video-decoder-webm-vp8: 9c59270c3fd7afecdb556c50c9e8de78 -> 
  custom:audio-decoder-ogg-vorbis: bf7c407c2cedff20999df2af8eb42d56 -> 
========================================================================
Received Prepare
Refreshing native plugins compatible for Editor in 18.62 ms, found 19 plugins.
Preloading 0 native plugins for Editor in 0.00 ms.
Unloading 95 Unused Serialized files (Serialized files now loaded: 0)
Unloading 95 unused Assets / (2.4 MB). Loaded Objects now: 4902.
Memory consumption went from 92.7 MB to 90.3 MB.
Total: 4.309900 ms (FindLiveObjects: 0.349000 ms CreateObjectMapping: 0.306400 ms MarkObjects: 2.755600 ms  DeleteObjects: 0.897900 ms)

AssetImportParameters requested are different than current active one (requested -> active):
  custom:video-decoder-ogg-theora: a1e56fd34408186e4bbccfd4996cb3dc -> 
  custom:container-muxer-webm: aa71ff27fc2769a1b78a27578f13a17b -> 
  custom:container-demuxer-webm: 4f35f7cbe854078d1ac9338744f61a02 -> 
  custom:video-encoder-webm-vp8: eb34c28f22e8b96e1ab97ce403110664 -> 
  custom:audio-encoder-webm-vorbis: bf7c407c2cedff20999df2af8eb42d56 -> 
  custom:framework-win-MediaFoundation: 216162199b28c13a410421893ffa2e32 -> 
  custom:container-demuxer-ogg: 62fdf1f143b41e24485cea50d1cbac27 -> 
  custom:video-decoder-webm-vp8: 9c59270c3fd7afecdb556c50c9e8de78 -> 
  custom:audio-decoder-ogg-vorbis: bf7c407c2cedff20999df2af8eb42d56 -> 
========================================================================
Received Prepare
Registering precompiled user dll's ...
Registered in 0.009375 seconds.
Begin MonoManager ReloadAssembly
Native extension for UWP target not found
Native extension for WindowsStandalone target not found
Refreshing native plugins compatible for Editor in 1.15 ms, found 19 plugins.
Preloading 0 native plugins for Editor in 0.00 ms.
Mono: successfully reloaded assembly
- Completed reload, in  0.984 seconds
Domain Reload Profiling:
	ReloadAssembly (985ms)
		BeginReloadAssembly (113ms)
			ExecutionOrderSort (0ms)
			DisableScriptedObjects (4ms)
			BackupInstance (0ms)
			ReleaseScriptingObjects (0ms)
			CreateAndSetChildDomain (36ms)
		EndReloadAssembly (790ms)
			LoadAssemblies (75ms)
			RebuildTransferFunctionScriptingTraits (0ms)
			SetupTypeCache (194ms)
			ReleaseScriptCaches (1ms)
			RebuildScriptCaches (37ms)
			SetupLoadedEditorAssemblies (398ms)
				LogAssemblyErrors (0ms)
				InitializePlatformSupportModulesInManaged (10ms)
				SetLoadedEditorAssemblies (0ms)
				RefreshPlugins (1ms)
				BeforeProcessingInitializeOnLoad (65ms)
				ProcessInitializeOnLoadAttributes (266ms)
				ProcessInitializeOnLoadMethodAttributes (51ms)
				AfterProcessingInitializeOnLoad (3ms)
				EditorAssembliesLoaded (0ms)
			ExecutionOrderSort2 (0ms)
			AwakeInstancesAfterBackupRestoration (13ms)
Platform modules already initialized, skipping
Refreshing native plugins compatible for Editor in 7.02 ms, found 19 plugins.
Preloading 0 native plugins for Editor in 0.00 ms.
Unloading 4273 Unused Serialized files (Serialized files now loaded: 0)
Unloading 95 unused Assets / (2.3 MB). Loaded Objects now: 4906.
Memory consumption went from 176.7 MB to 174.4 MB.
Total: 4.147000 ms (FindLiveObjects: 0.319600 ms CreateObjectMapping: 0.182300 ms MarkObjects: 2.950000 ms  DeleteObjects: 0.694500 ms)

AssetImportParameters requested are different than current active one (requested -> active):
  custom:video-decoder-ogg-theora: a1e56fd34408186e4bbccfd4996cb3dc -> 
  custom:container-muxer-webm: aa71ff27fc2769a1b78a27578f13a17b -> 
  custom:container-demuxer-webm: 4f35f7cbe854078d1ac9338744f61a02 -> 
  custom:video-encoder-webm-vp8: eb34c28f22e8b96e1ab97ce403110664 -> 
  custom:audio-encoder-webm-vorbis: bf7c407c2cedff20999df2af8eb42d56 -> 
  custom:framework-win-MediaFoundation: 216162199b28c13a410421893ffa2e32 -> 
  custom:container-demuxer-ogg: 62fdf1f143b41e24485cea50d1cbac27 -> 
  custom:video-decoder-webm-vp8: 9c59270c3fd7afecdb556c50c9e8de78 -> 
  custom:audio-decoder-ogg-vorbis: bf7c407c2cedff20999df2af8eb42d56 -> 
========================================================================
Received Import Request.
  Time since last request: 1359.851575 seconds.
  path: Assets/Scripts/ZMQ/ZMQPublisherHelper.cs
  artifactKey: Guid(28af50b749bf769449c2472a748bce46) Importer(815301076,1909f56bfc062723c751e8b465ee728b)
Start importing Assets/Scripts/ZMQ/ZMQPublisherHelper.cs using Guid(28af50b749bf769449c2472a748bce46) Importer(815301076,1909f56bfc062723c751e8b465ee728b)  -> (artifact id: 'b4a47c0f76eb84582fe27f99d37c0c2b') in 0.006511 seconds 
========================================================================
Received Import Request.
  Time since last request: 0.303696 seconds.
  path: Assets/Scripts/ZMQ/ZMQPublisher.cs
  artifactKey: Guid(725afa06c037e584988b1dfd3092a48b) Importer(815301076,1909f56bfc062723c751e8b465ee728b)
Start importing Assets/Scripts/ZMQ/ZMQPublisher.cs using Guid(725afa06c037e584988b1dfd3092a48b) Importer(815301076,1909f56bfc062723c751e8b465ee728b)  -> (artifact id: '87931c61bbb72c138d550293bb4190d3') in 0.001595 seconds 
========================================================================
Received Prepare
Registering precompiled user dll's ...
Registered in 0.009447 seconds.
Begin MonoManager ReloadAssembly
Native extension for UWP target not found
Native extension for WindowsStandalone target not found
Refreshing native plugins compatible for Editor in 1.13 ms, found 19 plugins.
Preloading 0 native plugins for Editor in 0.00 ms.
Mono: successfully reloaded assembly
- Completed reload, in  1.002 seconds
Domain Reload Profiling:
	ReloadAssembly (1002ms)
		BeginReloadAssembly (114ms)
			ExecutionOrderSort (0ms)
			DisableScriptedObjects (4ms)
			BackupInstance (0ms)
			ReleaseScriptingObjects (0ms)
			CreateAndSetChildDomain (36ms)
		EndReloadAssembly (811ms)
			LoadAssemblies (76ms)
			RebuildTransferFunctionScriptingTraits (0ms)
			SetupTypeCache (210ms)
			ReleaseScriptCaches (1ms)
			RebuildScriptCaches (40ms)
			SetupLoadedEditorAssemblies (415ms)
				LogAssemblyErrors (0ms)
				InitializePlatformSupportModulesInManaged (10ms)
				SetLoadedEditorAssemblies (0ms)
				RefreshPlugins (1ms)
				BeforeProcessingInitializeOnLoad (65ms)
				ProcessInitializeOnLoadAttributes (286ms)
				ProcessInitializeOnLoadMethodAttributes (50ms)
				AfterProcessingInitializeOnLoad (2ms)
				EditorAssembliesLoaded (0ms)
			ExecutionOrderSort2 (0ms)
			AwakeInstancesAfterBackupRestoration (10ms)
Platform modules already initialized, skipping
Refreshing native plugins compatible for Editor in 6.99 ms, found 19 plugins.
Preloading 0 native plugins for Editor in 0.00 ms.
Unloading 4273 Unused Serialized files (Serialized files now loaded: 0)
Unloading 95 unused Assets / (2.3 MB). Loaded Objects now: 4910.
Memory consumption went from 176.7 MB to 174.4 MB.
Total: 4.096500 ms (FindLiveObjects: 0.311400 ms CreateObjectMapping: 0.199500 ms MarkObjects: 2.901900 ms  DeleteObjects: 0.682800 ms)

AssetImportParameters requested are different than current active one (requested -> active):
  custom:video-decoder-ogg-theora: a1e56fd34408186e4bbccfd4996cb3dc -> 
  custom:container-muxer-webm: aa71ff27fc2769a1b78a27578f13a17b -> 
  custom:container-demuxer-webm: 4f35f7cbe854078d1ac9338744f61a02 -> 
  custom:video-encoder-webm-vp8: eb34c28f22e8b96e1ab97ce403110664 -> 
  custom:audio-encoder-webm-vorbis: bf7c407c2cedff20999df2af8eb42d56 -> 
  custom:framework-win-MediaFoundation: 216162199b28c13a410421893ffa2e32 -> 
  custom:container-demuxer-ogg: 62fdf1f143b41e24485cea50d1cbac27 -> 
  custom:video-decoder-webm-vp8: 9c59270c3fd7afecdb556c50c9e8de78 -> 
  custom:audio-decoder-ogg-vorbis: bf7c407c2cedff20999df2af8eb42d56 -> 
========================================================================
Received Prepare
Refreshing native plugins compatible for Editor in 12.81 ms, found 19 plugins.
Preloading 0 native plugins for Editor in 0.00 ms.
Unloading 95 Unused Serialized files (Serialized files now loaded: 0)
Unloading 95 unused Assets / (2.3 MB). Loaded Objects now: 4910.
Memory consumption went from 92.6 MB to 90.3 MB.
Total: 3.754600 ms (FindLiveObjects: 0.304800 ms CreateObjectMapping: 0.180800 ms MarkObjects: 2.567900 ms  DeleteObjects: 0.700400 ms)

AssetImportParameters requested are different than current active one (requested -> active):
  custom:video-decoder-ogg-theora: a1e56fd34408186e4bbccfd4996cb3dc -> 
  custom:container-muxer-webm: aa71ff27fc2769a1b78a27578f13a17b -> 
  custom:container-demuxer-webm: 4f35f7cbe854078d1ac9338744f61a02 -> 
  custom:video-encoder-webm-vp8: eb34c28f22e8b96e1ab97ce403110664 -> 
  custom:audio-encoder-webm-vorbis: bf7c407c2cedff20999df2af8eb42d56 -> 
  custom:framework-win-MediaFoundation: 216162199b28c13a410421893ffa2e32 -> 
  custom:container-demuxer-ogg: 62fdf1f143b41e24485cea50d1cbac27 -> 
  custom:video-decoder-webm-vp8: 9c59270c3fd7afecdb556c50c9e8de78 -> 
  custom:audio-decoder-ogg-vorbis: bf7c407c2cedff20999df2af8eb42d56 -> 
========================================================================
Received Prepare
Registering precompiled user dll's ...
Registered in 0.009454 seconds.
Begin MonoManager ReloadAssembly
Native extension for UWP target not found
Native extension for WindowsStandalone target not found
Refreshing native plugins compatible for Editor in 1.22 ms, found 19 plugins.
Preloading 0 native plugins for Editor in 0.00 ms.
Mono: successfully reloaded assembly
- Completed reload, in  1.373 seconds
Domain Reload Profiling:
	ReloadAssembly (1374ms)
		BeginReloadAssembly (248ms)
			ExecutionOrderSort (0ms)
			DisableScriptedObjects (14ms)
			BackupInstance (0ms)
			ReleaseScriptingObjects (0ms)
			CreateAndSetChildDomain (105ms)
		EndReloadAssembly (1025ms)
			LoadAssemblies (118ms)
			RebuildTransferFunctionScriptingTraits (0ms)
			SetupTypeCache (251ms)
			ReleaseScriptCaches (1ms)
			RebuildScriptCaches (44ms)
			SetupLoadedEditorAssemblies (404ms)
				LogAssemblyErrors (0ms)
				InitializePlatformSupportModulesInManaged (10ms)
				SetLoadedEditorAssemblies (1ms)
				RefreshPlugins (1ms)
				BeforeProcessingInitializeOnLoad (65ms)
				ProcessInitializeOnLoadAttributes (273ms)
				ProcessInitializeOnLoadMethodAttributes (50ms)
				AfterProcessingInitializeOnLoad (3ms)
				EditorAssembliesLoaded (0ms)
			ExecutionOrderSort2 (0ms)
			AwakeInstancesAfterBackupRestoration (11ms)
Platform modules already initialized, skipping
Refreshing native plugins compatible for Editor in 7.84 ms, found 19 plugins.
Preloading 0 native plugins for Editor in 0.00 ms.
Unloading 4273 Unused Serialized files (Serialized files now loaded: 0)
Unloading 95 unused Assets / (2.3 MB). Loaded Objects now: 4914.
Memory consumption went from 176.7 MB to 174.4 MB.
Total: 4.434900 ms (FindLiveObjects: 0.319500 ms CreateObjectMapping: 0.231000 ms MarkObjects: 3.094600 ms  DeleteObjects: 0.789100 ms)

AssetImportParameters requested are different than current active one (requested -> active):
  custom:video-decoder-ogg-theora: a1e56fd34408186e4bbccfd4996cb3dc -> 
  custom:container-muxer-webm: aa71ff27fc2769a1b78a27578f13a17b -> 
  custom:container-demuxer-webm: 4f35f7cbe854078d1ac9338744f61a02 -> 
  custom:video-encoder-webm-vp8: eb34c28f22e8b96e1ab97ce403110664 -> 
  custom:audio-encoder-webm-vorbis: bf7c407c2cedff20999df2af8eb42d56 -> 
  custom:framework-win-MediaFoundation: 216162199b28c13a410421893ffa2e32 -> 
  custom:container-demuxer-ogg: 62fdf1f143b41e24485cea50d1cbac27 -> 
  custom:video-decoder-webm-vp8: 9c59270c3fd7afecdb556c50c9e8de78 -> 
  custom:audio-decoder-ogg-vorbis: bf7c407c2cedff20999df2af8eb42d56 -> 
========================================================================
Received Prepare
Registering precompiled user dll's ...
Registered in 0.009880 seconds.
Begin MonoManager ReloadAssembly
Native extension for UWP target not found
Native extension for WindowsStandalone target not found
Refreshing native plugins compatible for Editor in 1.15 ms, found 19 plugins.
Preloading 0 native plugins for Editor in 0.00 ms.
Mono: successfully reloaded assembly
- Completed reload, in  1.038 seconds
Domain Reload Profiling:
	ReloadAssembly (1038ms)
		BeginReloadAssembly (116ms)
			ExecutionOrderSort (0ms)
			DisableScriptedObjects (4ms)
			BackupInstance (0ms)
			ReleaseScriptingObjects (0ms)
			CreateAndSetChildDomain (32ms)
		EndReloadAssembly (826ms)
			LoadAssemblies (70ms)
			RebuildTransferFunctionScriptingTraits (0ms)
			SetupTypeCache (199ms)
			ReleaseScriptCaches (2ms)
			RebuildScriptCaches (37ms)
			SetupLoadedEditorAssemblies (433ms)
				LogAssemblyErrors (0ms)
				InitializePlatformSupportModulesInManaged (10ms)
				SetLoadedEditorAssemblies (0ms)
				RefreshPlugins (1ms)
				BeforeProcessingInitializeOnLoad (64ms)
				ProcessInitializeOnLoadAttributes (306ms)
				ProcessInitializeOnLoadMethodAttributes (48ms)
				AfterProcessingInitializeOnLoad (3ms)
				EditorAssembliesLoaded (0ms)
			ExecutionOrderSort2 (0ms)
			AwakeInstancesAfterBackupRestoration (11ms)
Platform modules already initialized, skipping
Refreshing native plugins compatible for Editor in 7.15 ms, found 19 plugins.
Preloading 0 native plugins for Editor in 0.00 ms.
Unloading 4273 Unused Serialized files (Serialized files now loaded: 0)
Unloading 95 unused Assets / (2.4 MB). Loaded Objects now: 4918.
Memory consumption went from 176.8 MB to 174.4 MB.
Total: 4.210300 ms (FindLiveObjects: 0.320700 ms CreateObjectMapping: 0.205400 ms MarkObjects: 2.892500 ms  DeleteObjects: 0.791100 ms)

AssetImportParameters requested are different than current active one (requested -> active):
  custom:video-decoder-ogg-theora: a1e56fd34408186e4bbccfd4996cb3dc -> 
  custom:container-muxer-webm: aa71ff27fc2769a1b78a27578f13a17b -> 
  custom:container-demuxer-webm: 4f35f7cbe854078d1ac9338744f61a02 -> 
  custom:video-encoder-webm-vp8: eb34c28f22e8b96e1ab97ce403110664 -> 
  custom:audio-encoder-webm-vorbis: bf7c407c2cedff20999df2af8eb42d56 -> 
  custom:framework-win-MediaFoundation: 216162199b28c13a410421893ffa2e32 -> 
  custom:container-demuxer-ogg: 62fdf1f143b41e24485cea50d1cbac27 -> 
  custom:video-decoder-webm-vp8: 9c59270c3fd7afecdb556c50c9e8de78 -> 
  custom:audio-decoder-ogg-vorbis: bf7c407c2cedff20999df2af8eb42d56 -> 
========================================================================
Received Import Request.
  Time since last request: 24503.992997 seconds.
  path: Assets/Materials/ellipsoidMaterialSTTAR.mat
  artifactKey: Guid(93d5558b2efc66a419f08ae0e8b984ff) Importer(815301076,1909f56bfc062723c751e8b465ee728b)
Start importing Assets/Materials/ellipsoidMaterialSTTAR.mat using Guid(93d5558b2efc66a419f08ae0e8b984ff) Importer(815301076,1909f56bfc062723c751e8b465ee728b)  -> (artifact id: '152f7732cfbacc00e2772915422819ef') in 0.109014 seconds 
========================================================================
Received Import Request.
  Time since last request: 2.525938 seconds.
  path: Assets/Materials/ellipsoidMaterialSTTAR 1.mat
  artifactKey: Guid(a5e5271d054401e4da0f3119ed3c8e0f) Importer(815301076,1909f56bfc062723c751e8b465ee728b)
Start importing Assets/Materials/ellipsoidMaterialSTTAR 1.mat using Guid(a5e5271d054401e4da0f3119ed3c8e0f) Importer(815301076,1909f56bfc062723c751e8b465ee728b)  -> (artifact id: '5c8c6ba2cffc5827f77b58d863780991') in 0.014408 seconds 
========================================================================
Received Import Request.
  Time since last request: 0.000017 seconds.
  path: Assets/Materials/ellipsoidMaterialSTTAR.mat
  artifactKey: Guid(93d5558b2efc66a419f08ae0e8b984ff) Importer(815301076,1909f56bfc062723c751e8b465ee728b)
Start importing Assets/Materials/ellipsoidMaterialSTTAR.mat using Guid(93d5558b2efc66a419f08ae0e8b984ff) Importer(815301076,1909f56bfc062723c751e8b465ee728b)  -> (artifact id: 'bdbc490d9169c229dafcddab4fe0913d') in 0.014793 seconds 
========================================================================
Received Import Request.
  Time since last request: 9.942763 seconds.
  path: Assets/Materials/ellipsoidMaterialTrue.mat
  artifactKey: Guid(a5e5271d054401e4da0f3119ed3c8e0f) Importer(815301076,1909f56bfc062723c751e8b465ee728b)
Start importing Assets/Materials/ellipsoidMaterialTrue.mat using Guid(a5e5271d054401e4da0f3119ed3c8e0f) Importer(815301076,1909f56bfc062723c751e8b465ee728b)  -> (artifact id: 'e9f5f35348dbd4cc3661e4b7ed81b781') in 0.013119 seconds 
========================================================================
Received Import Request.
  Time since last request: 57.281408 seconds.
  path: Assets/Materials/ellipsoidMaterialSTTAR.mat
  artifactKey: Guid(93d5558b2efc66a419f08ae0e8b984ff) Importer(815301076,1909f56bfc062723c751e8b465ee728b)
Start importing Assets/Materials/ellipsoidMaterialSTTAR.mat using Guid(93d5558b2efc66a419f08ae0e8b984ff) Importer(815301076,1909f56bfc062723c751e8b465ee728b)  -> (artifact id: '0233db47bc99274c53815151a647e6b5') in 0.013715 seconds 
========================================================================
Received Import Request.
  Time since last request: 0.000014 seconds.
  path: Assets/Materials/ellipsoidMaterialTrue.mat
  artifactKey: Guid(a5e5271d054401e4da0f3119ed3c8e0f) Importer(815301076,1909f56bfc062723c751e8b465ee728b)
Start importing Assets/Materials/ellipsoidMaterialTrue.mat using Guid(a5e5271d054401e4da0f3119ed3c8e0f) Importer(815301076,1909f56bfc062723c751e8b465ee728b)  -> (artifact id: '380fc7f6fd03daeea5d1b0eb57f5a7ac') in 0.012324 seconds 
========================================================================
Received Prepare
Registering precompiled user dll's ...
Registered in 0.008547 seconds.
Begin MonoManager ReloadAssembly
Native extension for UWP target not found
Native extension for WindowsStandalone target not found
Refreshing native plugins compatible for Editor in 1.20 ms, found 19 plugins.
Preloading 0 native plugins for Editor in 0.00 ms.
Mono: successfully reloaded assembly
- Completed reload, in  0.967 seconds
Domain Reload Profiling:
	ReloadAssembly (968ms)
		BeginReloadAssembly (104ms)
			ExecutionOrderSort (0ms)
			DisableScriptedObjects (3ms)
			BackupInstance (0ms)
			ReleaseScriptingObjects (0ms)
			CreateAndSetChildDomain (29ms)
		EndReloadAssembly (785ms)
			LoadAssemblies (69ms)
			RebuildTransferFunctionScriptingTraits (0ms)
			SetupTypeCache (214ms)
			ReleaseScriptCaches (1ms)
			RebuildScriptCaches (38ms)
			SetupLoadedEditorAssemblies (393ms)
				LogAssemblyErrors (0ms)
				InitializePlatformSupportModulesInManaged (10ms)
				SetLoadedEditorAssemblies (0ms)
				RefreshPlugins (1ms)
				BeforeProcessingInitializeOnLoad (65ms)
				ProcessInitializeOnLoadAttributes (268ms)
				ProcessInitializeOnLoadMethodAttributes (46ms)
				AfterProcessingInitializeOnLoad (3ms)
				EditorAssembliesLoaded (0ms)
			ExecutionOrderSort2 (0ms)
			AwakeInstancesAfterBackupRestoration (11ms)
Platform modules already initialized, skipping
Refreshing native plugins compatible for Editor in 8.74 ms, found 19 plugins.
Preloading 0 native plugins for Editor in 0.00 ms.
Unloading 4273 Unused Serialized files (Serialized files now loaded: 0)
Unloading 95 unused Assets / (2.3 MB). Loaded Objects now: 4954.
Memory consumption went from 176.9 MB to 174.6 MB.
Total: 4.091500 ms (FindLiveObjects: 0.337700 ms CreateObjectMapping: 0.242600 ms MarkObjects: 2.720200 ms  DeleteObjects: 0.790300 ms)

AssetImportParameters requested are different than current active one (requested -> active):
  custom:video-decoder-ogg-theora: a1e56fd34408186e4bbccfd4996cb3dc -> 
  custom:container-muxer-webm: aa71ff27fc2769a1b78a27578f13a17b -> 
  custom:container-demuxer-webm: 4f35f7cbe854078d1ac9338744f61a02 -> 
  custom:video-encoder-webm-vp8: eb34c28f22e8b96e1ab97ce403110664 -> 
  custom:audio-encoder-webm-vorbis: bf7c407c2cedff20999df2af8eb42d56 -> 
  custom:framework-win-MediaFoundation: 216162199b28c13a410421893ffa2e32 -> 
  custom:container-demuxer-ogg: 62fdf1f143b41e24485cea50d1cbac27 -> 
  custom:video-decoder-webm-vp8: 9c59270c3fd7afecdb556c50c9e8de78 -> 
  custom:audio-decoder-ogg-vorbis: bf7c407c2cedff20999df2af8eb42d56 -> 
========================================================================
Received Prepare
Registering precompiled user dll's ...
Registered in 0.010695 seconds.
Begin MonoManager ReloadAssembly
Native extension for UWP target not found
Native extension for WindowsStandalone target not found
Refreshing native plugins compatible for Editor in 1.17 ms, found 19 plugins.
Preloading 0 native plugins for Editor in 0.00 ms.
Mono: successfully reloaded assembly
- Completed reload, in  1.022 seconds
Domain Reload Profiling:
	ReloadAssembly (1022ms)
		BeginReloadAssembly (108ms)
			ExecutionOrderSort (0ms)
			DisableScriptedObjects (4ms)
			BackupInstance (0ms)
			ReleaseScriptingObjects (0ms)
			CreateAndSetChildDomain (33ms)
		EndReloadAssembly (834ms)
			LoadAssemblies (74ms)
			RebuildTransferFunctionScriptingTraits (0ms)
			SetupTypeCache (215ms)
			ReleaseScriptCaches (1ms)
			RebuildScriptCaches (40ms)
			SetupLoadedEditorAssemblies (422ms)
				LogAssemblyErrors (0ms)
				InitializePlatformSupportModulesInManaged (10ms)
				SetLoadedEditorAssemblies (0ms)
				RefreshPlugins (1ms)
				BeforeProcessingInitializeOnLoad (67ms)
				ProcessInitializeOnLoadAttributes (286ms)
				ProcessInitializeOnLoadMethodAttributes (53ms)
				AfterProcessingInitializeOnLoad (4ms)
				EditorAssembliesLoaded (0ms)
			ExecutionOrderSort2 (0ms)
			AwakeInstancesAfterBackupRestoration (12ms)
Platform modules already initialized, skipping
Refreshing native plugins compatible for Editor in 7.00 ms, found 19 plugins.
Preloading 0 native plugins for Editor in 0.00 ms.
Unloading 4273 Unused Serialized files (Serialized files now loaded: 0)
Unloading 95 unused Assets / (2.3 MB). Loaded Objects now: 4958.
Memory consumption went from 176.9 MB to 174.6 MB.
Total: 4.202600 ms (FindLiveObjects: 0.302400 ms CreateObjectMapping: 0.156700 ms MarkObjects: 2.987700 ms  DeleteObjects: 0.755200 ms)

AssetImportParameters requested are different than current active one (requested -> active):
  custom:video-decoder-ogg-theora: a1e56fd34408186e4bbccfd4996cb3dc -> 
  custom:container-muxer-webm: aa71ff27fc2769a1b78a27578f13a17b -> 
  custom:container-demuxer-webm: 4f35f7cbe854078d1ac9338744f61a02 -> 
  custom:video-encoder-webm-vp8: eb34c28f22e8b96e1ab97ce403110664 -> 
  custom:audio-encoder-webm-vorbis: bf7c407c2cedff20999df2af8eb42d56 -> 
  custom:framework-win-MediaFoundation: 216162199b28c13a410421893ffa2e32 -> 
  custom:container-demuxer-ogg: 62fdf1f143b41e24485cea50d1cbac27 -> 
  custom:video-decoder-webm-vp8: 9c59270c3fd7afecdb556c50c9e8de78 -> 
  custom:audio-decoder-ogg-vorbis: bf7c407c2cedff20999df2af8eb42d56 -> 
========================================================================
Received Prepare
Registering precompiled user dll's ...
Registered in 0.010516 seconds.
Begin MonoManager ReloadAssembly
Native extension for UWP target not found
Native extension for WindowsStandalone target not found
Refreshing native plugins compatible for Editor in 1.15 ms, found 19 plugins.
Preloading 0 native plugins for Editor in 0.00 ms.
Mono: successfully reloaded assembly
- Completed reload, in  0.972 seconds
Domain Reload Profiling:
	ReloadAssembly (972ms)
		BeginReloadAssembly (110ms)
			ExecutionOrderSort (0ms)
			DisableScriptedObjects (5ms)
			BackupInstance (0ms)
			ReleaseScriptingObjects (0ms)
			CreateAndSetChildDomain (31ms)
		EndReloadAssembly (780ms)
			LoadAssemblies (66ms)
			RebuildTransferFunctionScriptingTraits (0ms)
			SetupTypeCache (193ms)
			ReleaseScriptCaches (1ms)
			RebuildScriptCaches (41ms)
			SetupLoadedEditorAssemblies (401ms)
				LogAssemblyErrors (0ms)
				InitializePlatformSupportModulesInManaged (10ms)
				SetLoadedEditorAssemblies (0ms)
				RefreshPlugins (1ms)
				BeforeProcessingInitializeOnLoad (67ms)
				ProcessInitializeOnLoadAttributes (266ms)
				ProcessInitializeOnLoadMethodAttributes (54ms)
				AfterProcessingInitializeOnLoad (3ms)
				EditorAssembliesLoaded (0ms)
			ExecutionOrderSort2 (0ms)
			AwakeInstancesAfterBackupRestoration (12ms)
Platform modules already initialized, skipping
Refreshing native plugins compatible for Editor in 6.96 ms, found 19 plugins.
Preloading 0 native plugins for Editor in 0.00 ms.
Unloading 4273 Unused Serialized files (Serialized files now loaded: 0)
Unloading 95 unused Assets / (2.3 MB). Loaded Objects now: 4962.
Memory consumption went from 177.0 MB to 174.6 MB.
Total: 4.163500 ms (FindLiveObjects: 0.303000 ms CreateObjectMapping: 0.169300 ms MarkObjects: 3.010200 ms  DeleteObjects: 0.680500 ms)

AssetImportParameters requested are different than current active one (requested -> active):
  custom:video-decoder-ogg-theora: a1e56fd34408186e4bbccfd4996cb3dc -> 
  custom:container-muxer-webm: aa71ff27fc2769a1b78a27578f13a17b -> 
  custom:container-demuxer-webm: 4f35f7cbe854078d1ac9338744f61a02 -> 
  custom:video-encoder-webm-vp8: eb34c28f22e8b96e1ab97ce403110664 -> 
  custom:audio-encoder-webm-vorbis: bf7c407c2cedff20999df2af8eb42d56 -> 
  custom:framework-win-MediaFoundation: 216162199b28c13a410421893ffa2e32 -> 
  custom:container-demuxer-ogg: 62fdf1f143b41e24485cea50d1cbac27 -> 
  custom:video-decoder-webm-vp8: 9c59270c3fd7afecdb556c50c9e8de78 -> 
  custom:audio-decoder-ogg-vorbis: bf7c407c2cedff20999df2af8eb42d56 -> 
========================================================================
Received Prepare
Registering precompiled user dll's ...
Registered in 0.008992 seconds.
Begin MonoManager ReloadAssembly
Native extension for UWP target not found
Native extension for WindowsStandalone target not found
Refreshing native plugins compatible for Editor in 1.81 ms, found 19 plugins.
Preloading 0 native plugins for Editor in 0.00 ms.
Mono: successfully reloaded assembly
- Completed reload, in  1.021 seconds
Domain Reload Profiling:
	ReloadAssembly (1022ms)
		BeginReloadAssembly (107ms)
			ExecutionOrderSort (0ms)
			DisableScriptedObjects (4ms)
			BackupInstance (0ms)
			ReleaseScriptingObjects (0ms)
			CreateAndSetChildDomain (32ms)
		EndReloadAssembly (827ms)
			LoadAssemblies (68ms)
			RebuildTransferFunctionScriptingTraits (0ms)
			SetupTypeCache (214ms)
			ReleaseScriptCaches (1ms)
			RebuildScriptCaches (47ms)
			SetupLoadedEditorAssemblies (417ms)
				LogAssemblyErrors (0ms)
				InitializePlatformSupportModulesInManaged (12ms)
				SetLoadedEditorAssemblies (1ms)
				RefreshPlugins (2ms)
				BeforeProcessingInitializeOnLoad (70ms)
				ProcessInitializeOnLoadAttributes (278ms)
				ProcessInitializeOnLoadMethodAttributes (52ms)
				AfterProcessingInitializeOnLoad (3ms)
				EditorAssembliesLoaded (0ms)
			ExecutionOrderSort2 (0ms)
			AwakeInstancesAfterBackupRestoration (12ms)
Platform modules already initialized, skipping
Refreshing native plugins compatible for Editor in 7.08 ms, found 19 plugins.
Preloading 0 native plugins for Editor in 0.00 ms.
Unloading 4273 Unused Serialized files (Serialized files now loaded: 0)
Unloading 95 unused Assets / (2.3 MB). Loaded Objects now: 4966.
Memory consumption went from 177.0 MB to 174.7 MB.
Total: 4.065600 ms (FindLiveObjects: 0.306000 ms CreateObjectMapping: 0.177300 ms MarkObjects: 2.898800 ms  DeleteObjects: 0.682800 ms)

AssetImportParameters requested are different than current active one (requested -> active):
  custom:video-decoder-ogg-theora: a1e56fd34408186e4bbccfd4996cb3dc -> 
  custom:container-muxer-webm: aa71ff27fc2769a1b78a27578f13a17b -> 
  custom:container-demuxer-webm: 4f35f7cbe854078d1ac9338744f61a02 -> 
  custom:video-encoder-webm-vp8: eb34c28f22e8b96e1ab97ce403110664 -> 
  custom:audio-encoder-webm-vorbis: bf7c407c2cedff20999df2af8eb42d56 -> 
  custom:framework-win-MediaFoundation: 216162199b28c13a410421893ffa2e32 -> 
  custom:container-demuxer-ogg: 62fdf1f143b41e24485cea50d1cbac27 -> 
  custom:video-decoder-webm-vp8: 9c59270c3fd7afecdb556c50c9e8de78 -> 
  custom:audio-decoder-ogg-vorbis: bf7c407c2cedff20999df2af8eb42d56 -> 
========================================================================
Received Prepare
Refreshing native plugins compatible for Editor in 14.54 ms, found 19 plugins.
Preloading 0 native plugins for Editor in 0.00 ms.
Unloading 95 Unused Serialized files (Serialized files now loaded: 0)
Unloading 95 unused Assets / (2.3 MB). Loaded Objects now: 4966.
Memory consumption went from 92.9 MB to 90.6 MB.
Total: 4.110900 ms (FindLiveObjects: 0.315600 ms CreateObjectMapping: 0.230600 ms MarkObjects: 2.520200 ms  DeleteObjects: 1.044000 ms)

AssetImportParameters requested are different than current active one (requested -> active):
  custom:video-decoder-ogg-theora: a1e56fd34408186e4bbccfd4996cb3dc -> 
  custom:container-muxer-webm: aa71ff27fc2769a1b78a27578f13a17b -> 
  custom:container-demuxer-webm: 4f35f7cbe854078d1ac9338744f61a02 -> 
  custom:video-encoder-webm-vp8: eb34c28f22e8b96e1ab97ce403110664 -> 
  custom:audio-encoder-webm-vorbis: bf7c407c2cedff20999df2af8eb42d56 -> 
  custom:framework-win-MediaFoundation: 216162199b28c13a410421893ffa2e32 -> 
  custom:container-demuxer-ogg: 62fdf1f143b41e24485cea50d1cbac27 -> 
  custom:video-decoder-webm-vp8: 9c59270c3fd7afecdb556c50c9e8de78 -> 
  custom:audio-decoder-ogg-vorbis: bf7c407c2cedff20999df2af8eb42d56 -> 
========================================================================
Received Prepare
Refreshing native plugins compatible for Editor in 17.43 ms, found 19 plugins.
Preloading 0 native plugins for Editor in 0.00 ms.
Unloading 95 Unused Serialized files (Serialized files now loaded: 0)
Unloading 95 unused Assets / (2.3 MB). Loaded Objects now: 4966.
Memory consumption went from 92.5 MB to 90.2 MB.
Total: 3.784300 ms (FindLiveObjects: 0.347800 ms CreateObjectMapping: 0.200000 ms MarkObjects: 2.533500 ms  DeleteObjects: 0.702300 ms)

AssetImportParameters requested are different than current active one (requested -> active):
  custom:video-decoder-ogg-theora: a1e56fd34408186e4bbccfd4996cb3dc -> 
  custom:container-muxer-webm: aa71ff27fc2769a1b78a27578f13a17b -> 
  custom:container-demuxer-webm: 4f35f7cbe854078d1ac9338744f61a02 -> 
  custom:video-encoder-webm-vp8: eb34c28f22e8b96e1ab97ce403110664 -> 
  custom:audio-encoder-webm-vorbis: bf7c407c2cedff20999df2af8eb42d56 -> 
  custom:framework-win-MediaFoundation: 216162199b28c13a410421893ffa2e32 -> 
  custom:container-demuxer-ogg: 62fdf1f143b41e24485cea50d1cbac27 -> 
  custom:video-decoder-webm-vp8: 9c59270c3fd7afecdb556c50c9e8de78 -> 
  custom:audio-decoder-ogg-vorbis: bf7c407c2cedff20999df2af8eb42d56 -> 
========================================================================
Received Prepare
Registering precompiled user dll's ...
Registered in 0.011573 seconds.
Begin MonoManager ReloadAssembly
Native extension for UWP target not found
Native extension for WindowsStandalone target not found
Refreshing native plugins compatible for Editor in 1.15 ms, found 19 plugins.
Preloading 0 native plugins for Editor in 0.00 ms.
Mono: successfully reloaded assembly
- Completed reload, in  1.070 seconds
Domain Reload Profiling:
	ReloadAssembly (1071ms)
		BeginReloadAssembly (119ms)
			ExecutionOrderSort (0ms)
			DisableScriptedObjects (4ms)
			BackupInstance (0ms)
			ReleaseScriptingObjects (0ms)
			CreateAndSetChildDomain (30ms)
		EndReloadAssembly (867ms)
			LoadAssemblies (82ms)
			RebuildTransferFunctionScriptingTraits (0ms)
			SetupTypeCache (195ms)
			ReleaseScriptCaches (1ms)
			RebuildScriptCaches (51ms)
			SetupLoadedEditorAssemblies (475ms)
				LogAssemblyErrors (0ms)
				InitializePlatformSupportModulesInManaged (10ms)
				SetLoadedEditorAssemblies (0ms)
				RefreshPlugins (1ms)
				BeforeProcessingInitializeOnLoad (76ms)
				ProcessInitializeOnLoadAttributes (325ms)
				ProcessInitializeOnLoadMethodAttributes (60ms)
				AfterProcessingInitializeOnLoad (3ms)
				EditorAssembliesLoaded (0ms)
			ExecutionOrderSort2 (0ms)
			AwakeInstancesAfterBackupRestoration (13ms)
Platform modules already initialized, skipping
Refreshing native plugins compatible for Editor in 6.94 ms, found 19 plugins.
Preloading 0 native plugins for Editor in 0.00 ms.
Unloading 4273 Unused Serialized files (Serialized files now loaded: 0)
Unloading 95 unused Assets / (2.3 MB). Loaded Objects now: 4970.
Memory consumption went from 177.0 MB to 174.7 MB.
Total: 4.203800 ms (FindLiveObjects: 0.319100 ms CreateObjectMapping: 0.199300 ms MarkObjects: 2.873000 ms  DeleteObjects: 0.811800 ms)

AssetImportParameters requested are different than current active one (requested -> active):
  custom:video-decoder-ogg-theora: a1e56fd34408186e4bbccfd4996cb3dc -> 
  custom:container-muxer-webm: aa71ff27fc2769a1b78a27578f13a17b -> 
  custom:container-demuxer-webm: 4f35f7cbe854078d1ac9338744f61a02 -> 
  custom:video-encoder-webm-vp8: eb34c28f22e8b96e1ab97ce403110664 -> 
  custom:audio-encoder-webm-vorbis: bf7c407c2cedff20999df2af8eb42d56 -> 
  custom:framework-win-MediaFoundation: 216162199b28c13a410421893ffa2e32 -> 
  custom:container-demuxer-ogg: 62fdf1f143b41e24485cea50d1cbac27 -> 
  custom:video-decoder-webm-vp8: 9c59270c3fd7afecdb556c50c9e8de78 -> 
  custom:audio-decoder-ogg-vorbis: bf7c407c2cedff20999df2af8eb42d56 -> 
========================================================================
Received Prepare
Refreshing native plugins compatible for Editor in 16.76 ms, found 19 plugins.
Preloading 0 native plugins for Editor in 0.00 ms.
Unloading 95 Unused Serialized files (Serialized files now loaded: 0)
Unloading 95 unused Assets / (2.3 MB). Loaded Objects now: 4970.
Memory consumption went from 92.9 MB to 90.6 MB.
Total: 3.825300 ms (FindLiveObjects: 0.320900 ms CreateObjectMapping: 0.229700 ms MarkObjects: 2.547000 ms  DeleteObjects: 0.727000 ms)

AssetImportParameters requested are different than current active one (requested -> active):
  custom:video-decoder-ogg-theora: a1e56fd34408186e4bbccfd4996cb3dc -> 
  custom:container-muxer-webm: aa71ff27fc2769a1b78a27578f13a17b -> 
  custom:container-demuxer-webm: 4f35f7cbe854078d1ac9338744f61a02 -> 
  custom:video-encoder-webm-vp8: eb34c28f22e8b96e1ab97ce403110664 -> 
  custom:audio-encoder-webm-vorbis: bf7c407c2cedff20999df2af8eb42d56 -> 
  custom:framework-win-MediaFoundation: 216162199b28c13a410421893ffa2e32 -> 
  custom:container-demuxer-ogg: 62fdf1f143b41e24485cea50d1cbac27 -> 
  custom:video-decoder-webm-vp8: 9c59270c3fd7afecdb556c50c9e8de78 -> 
  custom:audio-decoder-ogg-vorbis: bf7c407c2cedff20999df2af8eb42d56 -> 
========================================================================
Received Prepare
Registering precompiled user dll's ...
Registered in 0.012923 seconds.
Begin MonoManager ReloadAssembly
Native extension for UWP target not found
Native extension for WindowsStandalone target not found
Refreshing native plugins compatible for Editor in 1.14 ms, found 19 plugins.
Preloading 0 native plugins for Editor in 0.00 ms.
Mono: successfully reloaded assembly
- Completed reload, in  1.028 seconds
Domain Reload Profiling:
	ReloadAssembly (1029ms)
		BeginReloadAssembly (110ms)
			ExecutionOrderSort (0ms)
			DisableScriptedObjects (4ms)
			BackupInstance (0ms)
			ReleaseScriptingObjects (0ms)
			CreateAndSetChildDomain (34ms)
		EndReloadAssembly (835ms)
			LoadAssemblies (69ms)
			RebuildTransferFunctionScriptingTraits (0ms)
			SetupTypeCache (203ms)
			ReleaseScriptCaches (1ms)
			RebuildScriptCaches (35ms)
			SetupLoadedEditorAssemblies (439ms)
				LogAssemblyErrors (0ms)
				InitializePlatformSupportModulesInManaged (10ms)
				SetLoadedEditorAssemblies (0ms)
				RefreshPlugins (1ms)
				BeforeProcessingInitializeOnLoad (67ms)
				ProcessInitializeOnLoadAttributes (300ms)
				ProcessInitializeOnLoadMethodAttributes (58ms)
				AfterProcessingInitializeOnLoad (3ms)
				EditorAssembliesLoaded (0ms)
			ExecutionOrderSort2 (0ms)
			AwakeInstancesAfterBackupRestoration (14ms)
Platform modules already initialized, skipping
Refreshing native plugins compatible for Editor in 7.03 ms, found 19 plugins.
Preloading 0 native plugins for Editor in 0.00 ms.
Unloading 4273 Unused Serialized files (Serialized files now loaded: 0)
Unloading 95 unused Assets / (2.3 MB). Loaded Objects now: 4974.
Memory consumption went from 177.0 MB to 174.7 MB.
Total: 4.176300 ms (FindLiveObjects: 0.336400 ms CreateObjectMapping: 0.216400 ms MarkObjects: 2.854800 ms  DeleteObjects: 0.768100 ms)

AssetImportParameters requested are different than current active one (requested -> active):
  custom:video-decoder-ogg-theora: a1e56fd34408186e4bbccfd4996cb3dc -> 
  custom:container-muxer-webm: aa71ff27fc2769a1b78a27578f13a17b -> 
  custom:container-demuxer-webm: 4f35f7cbe854078d1ac9338744f61a02 -> 
  custom:video-encoder-webm-vp8: eb34c28f22e8b96e1ab97ce403110664 -> 
  custom:audio-encoder-webm-vorbis: bf7c407c2cedff20999df2af8eb42d56 -> 
  custom:framework-win-MediaFoundation: 216162199b28c13a410421893ffa2e32 -> 
  custom:container-demuxer-ogg: 62fdf1f143b41e24485cea50d1cbac27 -> 
  custom:video-decoder-webm-vp8: 9c59270c3fd7afecdb556c50c9e8de78 -> 
  custom:audio-decoder-ogg-vorbis: bf7c407c2cedff20999df2af8eb42d56 -> 
========================================================================
Received Prepare
Refreshing native plugins compatible for Editor in 12.94 ms, found 19 plugins.
Preloading 0 native plugins for Editor in 0.00 ms.
Unloading 95 Unused Serialized files (Serialized files now loaded: 0)
Unloading 95 unused Assets / (2.3 MB). Loaded Objects now: 4974.
Memory consumption went from 92.9 MB to 90.6 MB.
Total: 5.312200 ms (FindLiveObjects: 0.369100 ms CreateObjectMapping: 0.265900 ms MarkObjects: 2.727600 ms  DeleteObjects: 1.948700 ms)

AssetImportParameters requested are different than current active one (requested -> active):
  custom:video-decoder-ogg-theora: a1e56fd34408186e4bbccfd4996cb3dc -> 
  custom:container-muxer-webm: aa71ff27fc2769a1b78a27578f13a17b -> 
  custom:container-demuxer-webm: 4f35f7cbe854078d1ac9338744f61a02 -> 
  custom:video-encoder-webm-vp8: eb34c28f22e8b96e1ab97ce403110664 -> 
  custom:audio-encoder-webm-vorbis: bf7c407c2cedff20999df2af8eb42d56 -> 
  custom:framework-win-MediaFoundation: 216162199b28c13a410421893ffa2e32 -> 
  custom:container-demuxer-ogg: 62fdf1f143b41e24485cea50d1cbac27 -> 
  custom:video-decoder-webm-vp8: 9c59270c3fd7afecdb556c50c9e8de78 -> 
  custom:audio-decoder-ogg-vorbis: bf7c407c2cedff20999df2af8eb42d56 -> 
========================================================================
Received Import Request.
  Time since last request: 2612.257398 seconds.
  path: Assets/Resources/Prefabs/Probe.prefab
  artifactKey: Guid(f27199cf79b14f04683a162bc59c27e9) Importer(815301076,1909f56bfc062723c751e8b465ee728b)
Start importing Assets/Resources/Prefabs/Probe.prefab using Guid(f27199cf79b14f04683a162bc59c27e9) Importer(815301076,1909f56bfc062723c751e8b465ee728b)  -> (artifact id: '1713004cac5f818b721c02539f1aaa54') in 0.068214 seconds 
========================================================================
Received Import Request.
  Time since last request: 14.315525 seconds.
  path: Assets/Scripts/ConstrainRotation.cs
  artifactKey: Guid(c81bf317616a8c7428773a79212fb1cd) Importer(815301076,1909f56bfc062723c751e8b465ee728b)
Start importing Assets/Scripts/ConstrainRotation.cs using Guid(c81bf317616a8c7428773a79212fb1cd) Importer(815301076,1909f56bfc062723c751e8b465ee728b)  -> (artifact id: 'a1c09dee04b56bda7595560a9892701c') in 0.008638 seconds 
========================================================================
Received Prepare
Registering precompiled user dll's ...
Registered in 0.009429 seconds.
Begin MonoManager ReloadAssembly
Native extension for UWP target not found
Native extension for WindowsStandalone target not found
Refreshing native plugins compatible for Editor in 1.23 ms, found 19 plugins.
Preloading 0 native plugins for Editor in 0.00 ms.
Mono: successfully reloaded assembly
- Completed reload, in  1.008 seconds
Domain Reload Profiling:
	ReloadAssembly (1008ms)
		BeginReloadAssembly (115ms)
			ExecutionOrderSort (0ms)
			DisableScriptedObjects (4ms)
			BackupInstance (0ms)
			ReleaseScriptingObjects (0ms)
			CreateAndSetChildDomain (35ms)
		EndReloadAssembly (807ms)
			LoadAssemblies (83ms)
			RebuildTransferFunctionScriptingTraits (0ms)
			SetupTypeCache (205ms)
			ReleaseScriptCaches (1ms)
			RebuildScriptCaches (39ms)
			SetupLoadedEditorAssemblies (416ms)
				LogAssemblyErrors (0ms)
				InitializePlatformSupportModulesInManaged (10ms)
				SetLoadedEditorAssemblies (1ms)
				RefreshPlugins (1ms)
				BeforeProcessingInitializeOnLoad (77ms)
				ProcessInitializeOnLoadAttributes (271ms)
				ProcessInitializeOnLoadMethodAttributes (52ms)
				AfterProcessingInitializeOnLoad (3ms)
				EditorAssembliesLoaded (0ms)
			ExecutionOrderSort2 (0ms)
			AwakeInstancesAfterBackupRestoration (11ms)
Platform modules already initialized, skipping
Refreshing native plugins compatible for Editor in 7.24 ms, found 19 plugins.
Preloading 0 native plugins for Editor in 0.00 ms.
Unloading 4274 Unused Serialized files (Serialized files now loaded: 0)
Unloading 95 unused Assets / (2.3 MB). Loaded Objects now: 4979.
Memory consumption went from 177.0 MB to 174.7 MB.
Total: 4.394500 ms (FindLiveObjects: 0.335100 ms CreateObjectMapping: 0.225700 ms MarkObjects: 3.114400 ms  DeleteObjects: 0.718500 ms)

AssetImportParameters requested are different than current active one (requested -> active):
  custom:video-decoder-ogg-theora: a1e56fd34408186e4bbccfd4996cb3dc -> 
  custom:container-muxer-webm: aa71ff27fc2769a1b78a27578f13a17b -> 
  custom:container-demuxer-webm: 4f35f7cbe854078d1ac9338744f61a02 -> 
  custom:video-encoder-webm-vp8: eb34c28f22e8b96e1ab97ce403110664 -> 
  custom:audio-encoder-webm-vorbis: bf7c407c2cedff20999df2af8eb42d56 -> 
  custom:framework-win-MediaFoundation: 216162199b28c13a410421893ffa2e32 -> 
  custom:container-demuxer-ogg: 62fdf1f143b41e24485cea50d1cbac27 -> 
  custom:video-decoder-webm-vp8: 9c59270c3fd7afecdb556c50c9e8de78 -> 
  custom:audio-decoder-ogg-vorbis: bf7c407c2cedff20999df2af8eb42d56 -> 
========================================================================
Received Prepare
Registering precompiled user dll's ...
Registered in 0.009549 seconds.
Begin MonoManager ReloadAssembly
Native extension for UWP target not found
Native extension for WindowsStandalone target not found
Refreshing native plugins compatible for Editor in 1.16 ms, found 19 plugins.
Preloading 0 native plugins for Editor in 0.00 ms.
Mono: successfully reloaded assembly
- Completed reload, in  0.995 seconds
Domain Reload Profiling:
	ReloadAssembly (996ms)
		BeginReloadAssembly (107ms)
			ExecutionOrderSort (0ms)
			DisableScriptedObjects (4ms)
			BackupInstance (0ms)
			ReleaseScriptingObjects (0ms)
			CreateAndSetChildDomain (29ms)
		EndReloadAssembly (810ms)
			LoadAssemblies (70ms)
			RebuildTransferFunctionScriptingTraits (0ms)
			SetupTypeCache (212ms)
			ReleaseScriptCaches (1ms)
			RebuildScriptCaches (46ms)
			SetupLoadedEditorAssemblies (399ms)
				LogAssemblyErrors (0ms)
				InitializePlatformSupportModulesInManaged (10ms)
				SetLoadedEditorAssemblies (0ms)
				RefreshPlugins (1ms)
				BeforeProcessingInitializeOnLoad (65ms)
				ProcessInitializeOnLoadAttributes (269ms)
				ProcessInitializeOnLoadMethodAttributes (52ms)
				AfterProcessingInitializeOnLoad (2ms)
				EditorAssembliesLoaded (0ms)
			ExecutionOrderSort2 (0ms)
			AwakeInstancesAfterBackupRestoration (11ms)
Platform modules already initialized, skipping
Refreshing native plugins compatible for Editor in 7.03 ms, found 19 plugins.
Preloading 0 native plugins for Editor in 0.00 ms.
Unloading 4274 Unused Serialized files (Serialized files now loaded: 0)
Unloading 95 unused Assets / (2.3 MB). Loaded Objects now: 4983.
Memory consumption went from 177.0 MB to 174.7 MB.
Total: 4.216800 ms (FindLiveObjects: 0.335800 ms CreateObjectMapping: 0.227000 ms MarkObjects: 2.941700 ms  DeleteObjects: 0.711600 ms)

AssetImportParameters requested are different than current active one (requested -> active):
  custom:video-decoder-ogg-theora: a1e56fd34408186e4bbccfd4996cb3dc -> 
  custom:container-muxer-webm: aa71ff27fc2769a1b78a27578f13a17b -> 
  custom:container-demuxer-webm: 4f35f7cbe854078d1ac9338744f61a02 -> 
  custom:video-encoder-webm-vp8: eb34c28f22e8b96e1ab97ce403110664 -> 
  custom:audio-encoder-webm-vorbis: bf7c407c2cedff20999df2af8eb42d56 -> 
  custom:framework-win-MediaFoundation: 216162199b28c13a410421893ffa2e32 -> 
  custom:container-demuxer-ogg: 62fdf1f143b41e24485cea50d1cbac27 -> 
  custom:video-decoder-webm-vp8: 9c59270c3fd7afecdb556c50c9e8de78 -> 
  custom:audio-decoder-ogg-vorbis: bf7c407c2cedff20999df2af8eb42d56 -> 
========================================================================
Received Import Request.
  Time since last request: 19.875354 seconds.
  path: Assets/Scripts/ConstrainRotation.cs
  artifactKey: Guid(c81bf317616a8c7428773a79212fb1cd) Importer(815301076,1909f56bfc062723c751e8b465ee728b)
Start importing Assets/Scripts/ConstrainRotation.cs using Guid(c81bf317616a8c7428773a79212fb1cd) Importer(815301076,1909f56bfc062723c751e8b465ee728b)  -> (artifact id: '1ebd395d564b39b52d405d82f6347779') in 0.006402 seconds 
========================================================================
Received Import Request.
  Time since last request: 5.880832 seconds.
  path: Assets/Resources/Prefabs/Anatomy.prefab
  artifactKey: Guid(26c97b5761244ef48a27885412605a24) Importer(815301076,1909f56bfc062723c751e8b465ee728b)
Start importing Assets/Resources/Prefabs/Anatomy.prefab using Guid(26c97b5761244ef48a27885412605a24) Importer(815301076,1909f56bfc062723c751e8b465ee728b)  -> (artifact id: 'fc12626da327b4ea38571dc79f26bd85') in 0.141054 seconds 
========================================================================
Received Import Request.
  Time since last request: 13.905660 seconds.
  path: Assets/Resources/Prefabs/Probe.prefab
  artifactKey: Guid(f27199cf79b14f04683a162bc59c27e9) Importer(815301076,1909f56bfc062723c751e8b465ee728b)
Start importing Assets/Resources/Prefabs/Probe.prefab using Guid(f27199cf79b14f04683a162bc59c27e9) Importer(815301076,1909f56bfc062723c751e8b465ee728b)  -> (artifact id: 'd9da3203460c4c726379efb6e8d1aa91') in 0.007850 seconds 
========================================================================
Received Import Request.
  Time since last request: 17.130547 seconds.
  path: Assets/Resources/Prefabs/StaticRef.prefab
  artifactKey: Guid(9cc0d3661401e324c85544a0d61fd71a) Importer(815301076,1909f56bfc062723c751e8b465ee728b)
Start importing Assets/Resources/Prefabs/StaticRef.prefab using Guid(9cc0d3661401e324c85544a0d61fd71a) Importer(815301076,1909f56bfc062723c751e8b465ee728b)  -> (artifact id: 'ef25cbb19fe128e0ef9cf09f51b8a92b') in 0.013730 seconds 
========================================================================
Received Prepare
Registering precompiled user dll's ...
Registered in 0.009337 seconds.
Begin MonoManager ReloadAssembly
Native extension for UWP target not found
Native extension for WindowsStandalone target not found
Refreshing native plugins compatible for Editor in 1.15 ms, found 19 plugins.
Preloading 0 native plugins for Editor in 0.00 ms.
Mono: successfully reloaded assembly
- Completed reload, in  1.009 seconds
Domain Reload Profiling:
	ReloadAssembly (1010ms)
		BeginReloadAssembly (111ms)
			ExecutionOrderSort (0ms)
			DisableScriptedObjects (4ms)
			BackupInstance (0ms)
			ReleaseScriptingObjects (0ms)
			CreateAndSetChildDomain (35ms)
		EndReloadAssembly (818ms)
			LoadAssemblies (70ms)
			RebuildTransferFunctionScriptingTraits (0ms)
			SetupTypeCache (195ms)
			ReleaseScriptCaches (1ms)
			RebuildScriptCaches (51ms)
			SetupLoadedEditorAssemblies (429ms)
				LogAssemblyErrors (0ms)
				InitializePlatformSupportModulesInManaged (10ms)
				SetLoadedEditorAssemblies (0ms)
				RefreshPlugins (1ms)
				BeforeProcessingInitializeOnLoad (64ms)
				ProcessInitializeOnLoadAttributes (294ms)
				ProcessInitializeOnLoadMethodAttributes (56ms)
				AfterProcessingInitializeOnLoad (3ms)
				EditorAssembliesLoaded (0ms)
			ExecutionOrderSort2 (0ms)
			AwakeInstancesAfterBackupRestoration (12ms)
Platform modules already initialized, skipping
Refreshing native plugins compatible for Editor in 6.88 ms, found 19 plugins.
Preloading 0 native plugins for Editor in 0.00 ms.
Unloading 4274 Unused Serialized files (Serialized files now loaded: 0)
Unloading 95 unused Assets / (2.3 MB). Loaded Objects now: 4987.
Memory consumption went from 177.1 MB to 174.7 MB.
Total: 4.062700 ms (FindLiveObjects: 0.310100 ms CreateObjectMapping: 0.168100 ms MarkObjects: 2.891300 ms  DeleteObjects: 0.692700 ms)

AssetImportParameters requested are different than current active one (requested -> active):
  custom:video-decoder-ogg-theora: a1e56fd34408186e4bbccfd4996cb3dc -> 
  custom:container-muxer-webm: aa71ff27fc2769a1b78a27578f13a17b -> 
  custom:container-demuxer-webm: 4f35f7cbe854078d1ac9338744f61a02 -> 
  custom:video-encoder-webm-vp8: eb34c28f22e8b96e1ab97ce403110664 -> 
  custom:audio-encoder-webm-vorbis: bf7c407c2cedff20999df2af8eb42d56 -> 
  custom:framework-win-MediaFoundation: 216162199b28c13a410421893ffa2e32 -> 
  custom:container-demuxer-ogg: 62fdf1f143b41e24485cea50d1cbac27 -> 
  custom:video-decoder-webm-vp8: 9c59270c3fd7afecdb556c50c9e8de78 -> 
  custom:audio-decoder-ogg-vorbis: bf7c407c2cedff20999df2af8eb42d56 -> 
========================================================================
Received Import Request.
  Time since last request: 55.035907 seconds.
  path: Assets/WSATestCertificate.pfx
  artifactKey: Guid(26674b1e56f2bdb458cf2d41494f664d) Importer(815301076,1909f56bfc062723c751e8b465ee728b)
Start importing Assets/WSATestCertificate.pfx using Guid(26674b1e56f2bdb458cf2d41494f664d) Importer(815301076,1909f56bfc062723c751e8b465ee728b)  -> (artifact id: '2555be726c956945ca6d3a46662df164') in 0.022770 seconds 
========================================================================
Received Prepare
Refreshing native plugins compatible for Editor in 13.22 ms, found 19 plugins.
Preloading 0 native plugins for Editor in 0.00 ms.
Unloading 95 Unused Serialized files (Serialized files now loaded: 0)
Unloading 95 unused Assets / (2.3 MB). Loaded Objects now: 4987.
Memory consumption went from 92.6 MB to 90.3 MB.
Total: 4.062900 ms (FindLiveObjects: 0.315900 ms CreateObjectMapping: 0.180400 ms MarkObjects: 2.860200 ms  DeleteObjects: 0.705500 ms)

AssetImportParameters requested are different than current active one (requested -> active):
  custom:video-decoder-ogg-theora: a1e56fd34408186e4bbccfd4996cb3dc -> 
  custom:container-muxer-webm: aa71ff27fc2769a1b78a27578f13a17b -> 
  custom:container-demuxer-webm: 4f35f7cbe854078d1ac9338744f61a02 -> 
  custom:video-encoder-webm-vp8: eb34c28f22e8b96e1ab97ce403110664 -> 
  custom:audio-encoder-webm-vorbis: bf7c407c2cedff20999df2af8eb42d56 -> 
  custom:framework-win-MediaFoundation: 216162199b28c13a410421893ffa2e32 -> 
  custom:container-demuxer-ogg: 62fdf1f143b41e24485cea50d1cbac27 -> 
  custom:video-decoder-webm-vp8: 9c59270c3fd7afecdb556c50c9e8de78 -> 
  custom:audio-decoder-ogg-vorbis: bf7c407c2cedff20999df2af8eb42d56 -> 
========================================================================
Received Prepare
Registering precompiled user dll's ...
Registered in 0.008688 seconds.
Begin MonoManager ReloadAssembly
Native extension for UWP target not found
Native extension for WindowsStandalone target not found
Refreshing native plugins compatible for Editor in 1.14 ms, found 19 plugins.
Preloading 0 native plugins for Editor in 0.00 ms.
Mono: successfully reloaded assembly
- Completed reload, in  0.988 seconds
Domain Reload Profiling:
	ReloadAssembly (988ms)
		BeginReloadAssembly (106ms)
			ExecutionOrderSort (0ms)
			DisableScriptedObjects (5ms)
			BackupInstance (0ms)
			ReleaseScriptingObjects (0ms)
			CreateAndSetChildDomain (29ms)
		EndReloadAssembly (807ms)
			LoadAssemblies (71ms)
			RebuildTransferFunctionScriptingTraits (0ms)
			SetupTypeCache (226ms)
			ReleaseScriptCaches (1ms)
			RebuildScriptCaches (40ms)
			SetupLoadedEditorAssemblies (386ms)
				LogAssemblyErrors (0ms)
				InitializePlatformSupportModulesInManaged (10ms)
				SetLoadedEditorAssemblies (0ms)
				RefreshPlugins (1ms)
				BeforeProcessingInitializeOnLoad (62ms)
				ProcessInitializeOnLoadAttributes (264ms)
				ProcessInitializeOnLoadMethodAttributes (45ms)
				AfterProcessingInitializeOnLoad (2ms)
				EditorAssembliesLoaded (0ms)
			ExecutionOrderSort2 (0ms)
			AwakeInstancesAfterBackupRestoration (11ms)
Platform modules already initialized, skipping
Refreshing native plugins compatible for Editor in 8.53 ms, found 19 plugins.
Preloading 0 native plugins for Editor in 0.00 ms.
Unloading 4274 Unused Serialized files (Serialized files now loaded: 0)
Unloading 95 unused Assets / (2.3 MB). Loaded Objects now: 4991.
Memory consumption went from 177.1 MB to 174.8 MB.
Total: 3.829000 ms (FindLiveObjects: 0.331200 ms CreateObjectMapping: 0.208000 ms MarkObjects: 2.444100 ms  DeleteObjects: 0.844900 ms)

AssetImportParameters requested are different than current active one (requested -> active):
  custom:video-decoder-ogg-theora: a1e56fd34408186e4bbccfd4996cb3dc -> 
  custom:container-muxer-webm: aa71ff27fc2769a1b78a27578f13a17b -> 
  custom:container-demuxer-webm: 4f35f7cbe854078d1ac9338744f61a02 -> 
  custom:video-encoder-webm-vp8: eb34c28f22e8b96e1ab97ce403110664 -> 
  custom:audio-encoder-webm-vorbis: bf7c407c2cedff20999df2af8eb42d56 -> 
  custom:framework-win-MediaFoundation: 216162199b28c13a410421893ffa2e32 -> 
  custom:container-demuxer-ogg: 62fdf1f143b41e24485cea50d1cbac27 -> 
  custom:video-decoder-webm-vp8: 9c59270c3fd7afecdb556c50c9e8de78 -> 
  custom:audio-decoder-ogg-vorbis: bf7c407c2cedff20999df2af8eb42d56 -> 
========================================================================
Received Prepare
Refreshing native plugins compatible for Editor in 14.13 ms, found 19 plugins.
Preloading 0 native plugins for Editor in 0.00 ms.
Unloading 95 Unused Serialized files (Serialized files now loaded: 0)
Unloading 95 unused Assets / (2.3 MB). Loaded Objects now: 4991.
Memory consumption went from 93.0 MB to 90.7 MB.
Total: 4.100400 ms (FindLiveObjects: 0.309900 ms CreateObjectMapping: 0.198100 ms MarkObjects: 2.886800 ms  DeleteObjects: 0.705100 ms)

AssetImportParameters requested are different than current active one (requested -> active):
  custom:video-decoder-ogg-theora: a1e56fd34408186e4bbccfd4996cb3dc -> 
  custom:container-muxer-webm: aa71ff27fc2769a1b78a27578f13a17b -> 
  custom:container-demuxer-webm: 4f35f7cbe854078d1ac9338744f61a02 -> 
  custom:video-encoder-webm-vp8: eb34c28f22e8b96e1ab97ce403110664 -> 
  custom:audio-encoder-webm-vorbis: bf7c407c2cedff20999df2af8eb42d56 -> 
  custom:framework-win-MediaFoundation: 216162199b28c13a410421893ffa2e32 -> 
  custom:container-demuxer-ogg: 62fdf1f143b41e24485cea50d1cbac27 -> 
  custom:video-decoder-webm-vp8: 9c59270c3fd7afecdb556c50c9e8de78 -> 
  custom:audio-decoder-ogg-vorbis: bf7c407c2cedff20999df2af8eb42d56 -> 
========================================================================
Received Prepare
Registering precompiled user dll's ...
Registered in 0.009213 seconds.
Begin MonoManager ReloadAssembly
Native extension for UWP target not found
Native extension for WindowsStandalone target not found
Refreshing native plugins compatible for Editor in 1.16 ms, found 19 plugins.
Preloading 0 native plugins for Editor in 0.00 ms.
Mono: successfully reloaded assembly
- Completed reload, in  1.014 seconds
Domain Reload Profiling:
	ReloadAssembly (1015ms)
		BeginReloadAssembly (111ms)
			ExecutionOrderSort (0ms)
			DisableScriptedObjects (4ms)
			BackupInstance (0ms)
			ReleaseScriptingObjects (0ms)
			CreateAndSetChildDomain (32ms)
		EndReloadAssembly (823ms)
			LoadAssemblies (79ms)
			RebuildTransferFunctionScriptingTraits (0ms)
			SetupTypeCache (193ms)
			ReleaseScriptCaches (1ms)
			RebuildScriptCaches (35ms)
			SetupLoadedEditorAssemblies (428ms)
				LogAssemblyErrors (0ms)
				InitializePlatformSupportModulesInManaged (12ms)
				SetLoadedEditorAssemblies (0ms)
				RefreshPlugins (1ms)
				BeforeProcessingInitializeOnLoad (70ms)
				ProcessInitializeOnLoadAttributes (286ms)
				ProcessInitializeOnLoadMethodAttributes (56ms)
				AfterProcessingInitializeOnLoad (3ms)
				EditorAssembliesLoaded (0ms)
			ExecutionOrderSort2 (0ms)
			AwakeInstancesAfterBackupRestoration (12ms)
Platform modules already initialized, skipping
Refreshing native plugins compatible for Editor in 8.14 ms, found 19 plugins.
Preloading 0 native plugins for Editor in 0.00 ms.
Unloading 4274 Unused Serialized files (Serialized files now loaded: 0)
Unloading 95 unused Assets / (2.3 MB). Loaded Objects now: 4995.
Memory consumption went from 177.1 MB to 174.8 MB.
Total: 4.092200 ms (FindLiveObjects: 0.360400 ms CreateObjectMapping: 0.195600 ms MarkObjects: 2.834300 ms  DeleteObjects: 0.701300 ms)

AssetImportParameters requested are different than current active one (requested -> active):
  custom:video-decoder-ogg-theora: a1e56fd34408186e4bbccfd4996cb3dc -> 
  custom:container-muxer-webm: aa71ff27fc2769a1b78a27578f13a17b -> 
  custom:container-demuxer-webm: 4f35f7cbe854078d1ac9338744f61a02 -> 
  custom:video-encoder-webm-vp8: eb34c28f22e8b96e1ab97ce403110664 -> 
  custom:audio-encoder-webm-vorbis: bf7c407c2cedff20999df2af8eb42d56 -> 
  custom:framework-win-MediaFoundation: 216162199b28c13a410421893ffa2e32 -> 
  custom:container-demuxer-ogg: 62fdf1f143b41e24485cea50d1cbac27 -> 
  custom:video-decoder-webm-vp8: 9c59270c3fd7afecdb556c50c9e8de78 -> 
  custom:audio-decoder-ogg-vorbis: bf7c407c2cedff20999df2af8eb42d56 -> 
========================================================================
Received Prepare
Refreshing native plugins compatible for Editor in 17.76 ms, found 19 plugins.
Preloading 0 native plugins for Editor in 0.00 ms.
Unloading 95 Unused Serialized files (Serialized files now loaded: 0)
Unloading 95 unused Assets / (2.3 MB). Loaded Objects now: 4995.
Memory consumption went from 93.0 MB to 90.7 MB.
Total: 3.934800 ms (FindLiveObjects: 0.351200 ms CreateObjectMapping: 0.257600 ms MarkObjects: 2.585600 ms  DeleteObjects: 0.739800 ms)

AssetImportParameters requested are different than current active one (requested -> active):
  custom:video-decoder-ogg-theora: a1e56fd34408186e4bbccfd4996cb3dc -> 
  custom:container-muxer-webm: aa71ff27fc2769a1b78a27578f13a17b -> 
  custom:container-demuxer-webm: 4f35f7cbe854078d1ac9338744f61a02 -> 
  custom:video-encoder-webm-vp8: eb34c28f22e8b96e1ab97ce403110664 -> 
  custom:audio-encoder-webm-vorbis: bf7c407c2cedff20999df2af8eb42d56 -> 
  custom:framework-win-MediaFoundation: 216162199b28c13a410421893ffa2e32 -> 
  custom:container-demuxer-ogg: 62fdf1f143b41e24485cea50d1cbac27 -> 
  custom:video-decoder-webm-vp8: 9c59270c3fd7afecdb556c50c9e8de78 -> 
  custom:audio-decoder-ogg-vorbis: bf7c407c2cedff20999df2af8eb42d56 -> 
